,조사기준일,시도,행정구,"교육
(지원)청",학교급,"고등학교
유형",운영상특례,"학교
세부유형",학교명,본분교,설립,주야,"남녀공학
구분",상태,지역규모,통합구분,개교일,우편번호,주소,전화번호,팩스번호,홈페이지,편성학급수_계,1학년_학급수,2학년_학급수,3학년_학급수,4학년_학급수,5학년_학급수,6학년_학급수,학생수_총계_계,학생수_총계_남,학생수_총계_여,1학년_학생수_계,1학년_학생수_남,1학년_학생수_여,2학년_학생수_계,2학년_학생수_남,2학년_학생수_여,3학년_학생수_계,3학년_학생수_남,3학년_학생수_여,4학년_학생수_계,4학년_학생수_남,4학년_학생수_여,5학년_학생수_계,5학년_학생수_남,5학년_학생수_여,6학년_학생수_계,6학년_학생수_남,6학년_학생수_여,"학급당
 학생수",교원수_총계_계,교원수_총계_남,교원수_총계_여,교원수_정규교원_계,교원수_정규교원_남,교원수_정규교원_여,교원수_정규_교장_계,교원수_정규_교장_남,교원수_정규_교장_여,교원수_정규_교감_계,교원수_정규_교감_남,교원수_정규_교감_여,교원수_정규_수석_계,교원수_정규_수석_남,교원수_정규_수석_여,교원수_정규_보직_계,교원수_정규_보직_남,교원수_정규_보직_여,교원수_정규_일반_계,교원수_정규_일반_남,교원수_정규_일반_여,교원수_정규_특수_계,교원수_정규_특수_남,교원수_정규_특수_여,교원수_정규_상담_계,교원수_정규_상담_남,교원수_정규_상담_여,교원수_정규_사서_계,교원수_정규_사서_남,교원수_정규_사서_여,교원수_정규_실기_계,교원수_정규_실기_남,교원수_정규_실기_여,교원수_정규_보건_계,교원수_정규_보건_남,교원수_정규_보건_여,교원수_정규_영양_계,교원수_정규_영양_남,교원수_정규_영양_여,교원수_기간제_계,교원수_기간제_남,교원수_기간제_여,교원1인당 학생수,전체직원_계_x,전체직원_남,전체직원_여,정규직원_계,정규직원_남,정규직원_여,전체직원_계_y,"일반
교실","교과
교실","특별
교실",수준별교실,"기타
교실",교지면적,"학생
1인당
교지면적"
0,20231001,인천,중구,남부,중학교,,해당없음,일반중학교,인천공항중학교,본교,공립,주간,남여공학,기존(원)교,특별/광역시,해당없음,20020305,223-68 ,인천광역시 중구 영종대로27번길 49 . 인천공항중학교 (운서동. 인천공항중학교),032-746-3703,032-746-3706,http://gonghang.icems.kr,32,11,11,10,0,0,0,837,415,422,244,114,130,283,147,136,310,154,156,0,0,0,0,0,0,0,0,0,26.2,58,18,40,42,13,29,1.0,1.0,0.0,1.0,1.0,0.0,0.0,0.0,0.0,12.0,5.0,7.0,24.0,5.0,19.0,2.0,1.0,1.0,1.0,0.0,1.0,0.0,0.0,0.0,0.0,0.0,0.0,1.0,0.0,1.0,0.0,0.0,0.0,16,5,11,14.4,17,2,15,3,1,2,18,34,0,6,1,2,12000,14.4
1,20231001,인천,미추홀구,남부,중학교,,해당없음,일반중학교,관교중학교,본교,공립,주간,남자,기존(원)교,특별/광역시,해당없음,19900301,222-40 ,인천광역시 미추홀구 경원대로670번길 19 (관교동. 관교중학교),032-435-0345,032-434-6722,http://www.kwangyo.icems.kr,32,10,10,12,0,0,0,887,887,0,297,297,0,309,309,0,281,281,0,0,0,0,0,0,0,0,0,0,27.7,62,22,40,43,14,29,1.0,1.0,0.0,1.0,0.0,1.0,1.0,0.0,1.0,7.0,1.0,6.0,29.0,12.0,17.0,2.0,0.0,2.0,1.0,0.0,1.0,0.0,0.0,0.0,0.0,0.0,0.0,1.0,0.0,1.0,0.0,0.0,0.0,19,8,11,14.3,20,3,17,3,1,2,19,30,0,8,0,3,15223,17.2
2,20231001,인천,미추홀구,남부,중학교,,해당없음,일반중학교,관교여자중학교,본교,공립,주간,여자,기존(원)교,특별/광역시,해당없음,19831230,222-32 ,인천광역시 미추홀구 경원대로 691 (관교동. 관교여자중학교),032-434-2763,032-438-0277,http://igg.icems.kr/,27,9,9,9,0,0,0,573,0,573,195,0,195,190,0,190,188,0,188,0,0,0,0,0,0,0,0,0,21.2,51,13,38,37,11,26,1.0,1.0,0.0,1.0,1.0,0.0,0.0,0.0,0.0,12.0,2.0,10.0,20.0,7.0,13.0,1.0,0.0,1.0,1.0,0.0,1.0,0.0,0.0,0.0,0.0,0.0,0.0,1.0,0.0,1.0,0.0,0.0,0.0,14,2,12,11.2,18,2,16,4,1,3,18,29,3,8,0,4,15853,27.5
3,20231001,인천,미추홀구,남부,중학교,,해당없음,일반중학교,인천남중학교,본교,공립,주간,남자,기존(원)교,특별/광역시,해당없음,19460927,221-63 ,인천광역시 미추홀구 수봉로 16-23 (숭의동. 인천남 중학교),032-882-2503,032-882-8180,http://icnamjung.icems.kr,21,7,7,7,0,0,0,415,415,0,138,138,0,144,144,0,133,133,0,0,0,0,0,0,0,0,0,0,19.8,43,13,30,30,8,22,1.0,0.0,1.0,1.0,0.0,1.0,1.0,0.0,1.0,12.0,4.0,8.0,12.0,3.0,9.0,2.0,1.0,1.0,0.0,0.0,0.0,1.0,0.0,1.0,0.0,0.0,0.0,0.0,0.0,0.0,0.0,0.0,0.0,13,5,8,9.7,15,4,11,4,3,1,15,21,2,7,0,0,26902,64.7
4,20231001,인천,미추홀구,남부,중학교,,해당없음,일반중학교,남인천여자중학교,본교,공립,주간,여자,기존(원)교,특별/광역시,해당없음,19450412,222-40 ,인천광역시 미추홀구 인하로 426 (관교동. 남인천여자중학교),032-629-2469,032-421-1826,http://namincheon.icems.kr,24,8,8,8,0,0,0,672,0,672,239,0,239,227,0,227,206,0,206,0,0,0,0,0,0,0,0,0,28.0,50,10,40,34,6,28,1.0,1.0,0.0,1.0,0.0,1.0,0.0,0.0,0.0,12.0,1.0,11.0,18.0,4.0,14.0,0.0,0.0,0.0,1.0,0.0,1.0,0.0,0.0,0.0,0.0,0.0,0.0,1.0,0.0,1.0,0.0,0.0,0.0,16,4,12,13.4,17,2,15,4,1,3,17,24,0,8,2,0,14659,21.6
5,20231001,인천,중구,남부,중학교,,해당없음,일반중학교,신흥여자중학교,본교,공립,주간,여자,기존(원)교,특별/광역시,해당없음,19830301,223-33 ,인천광역시 중구 인항로24번길 37 (신흥동3가. 신흥여자중학교),032-883-2922,032-629-2597,http://shinheung.icems.kr,18,6,5,7,0,0,0,398,0,398,150,0,150,100,0,100,148,0,148,0,0,0,0,0,0,0,0,0,22.1,34,5,29,27,5,22,1.0,1.0,0.0,1.0,1.0,0.0,0.0,0.0,0.0,12.0,2.0,10.0,10.0,1.0,9.0,1.0,0.0,1.0,0.0,0.0,0.0,1.0,0.0,1.0,0.0,0.0,0.0,1.0,0.0,1.0,0.0,0.0,0.0,7,0,7,11.7,19,5,14,4,2,2,16,19,3,7,0,0,13274,33.2
6,20231001,인천,미추홀구,남부,중학교,,해당없음,일반중학교,선인중학교,본교,공립,주간,남자,기존(원)교,특별/광역시,해당없음,19650510,221-00 ,인천광역시 미추홀구 석정로 165 . 선인중학교 (도화동),032-629-2913,032-772-9627,http://sunin-m.icems.kr,17,5,5,7,0,0,0,237,237,0,80,80,0,82,82,0,75,75,0,0,0,0,0,0,0,0,0,0,13.9,31,10,21,20,4,16,1.0,0.0,1.0,1.0,1.0,0.0,0.0,0.0,0.0,8.0,2.0,6.0,8.0,0.0,8.0,2.0,1.0,1.0,0.0,0.0,0.0,0.0,0.0,0.0,0.0,0.0,0.0,0.0,0.0,0.0,0.0,0.0,0.0,11,6,5,7.6,16,3,13,4,2,2,16,16,8,6,1,0,72821,307.3
7,20231001,인천,옹진군,남부,중학교,,해당없음,일반중학교,백령중학교,본교,공립,주간,남여공학,기존(원)교,도서벽지,해당없음,19550503,231-03 ,인천광역시 옹진군 백령면 백령로 708 (백령면. 백령고등학교. 백령중학교),032-836-0092,032-836-2210,http://brmh.icehs.kr,7,2,2,3,0,0,0,64,23,41,20,1,19,24,11,13,20,11,9,0,0,0,0,0,0,0,0,0,9.1,16,7,9,16,7,9,0.0,0.0,0.0,0.0,0.0,0.0,0.0,0.0,0.0,4.0,3.0,1.0,10.0,4.0,6.0,1.0,0.0,1.0,0.0,0.0,0.0,0.0,0.0,0.0,0.0,0.0,0.0,0.0,0.0,0.0,1.0,0.0,1.0,0,0,0,4.0,0,0,0,0,0,0,0,0,0,0,0,0,0,0.0
8,20231001,인천,미추홀구,남부,중학교,,해당없음,일반중학교,선화여자중학교,본교,공립,주간,여자,기존(원)교,특별/광역시,해당없음,19690303,221-00 ,인천광역시 미추홀구 석정로 165 . 선화여자중학교 (도화동),032-766-5690,032-762-9117,http://sunhwa.icems.kr,18,7,5,6,0,0,0,438,0,438,131,0,131,154,0,154,153,0,153,0,0,0,0,0,0,0,0,0,24.3,35,10,25,25,6,19,1.0,1.0,0.0,1.0,1.0,0.0,1.0,1.0,0.0,11.0,1.0,10.0,10.0,2.0,8.0,0.0,0.0,0.0,0.0,0.0,0.0,0.0,0.0,0.0,0.0,0.0,0.0,1.0,0.0,1.0,0.0,0.0,0.0,10,4,6,12.5,16,3,13,4,2,2,15,17,5,10,0,4,43914,99.6
9,20231001,인천,중구,남부,중학교,,해당없음,일반중학교,신흥중학교,본교,공립,주간,남자,기존(원)교,특별/광역시,해당없음,19830301,223-33 ,인천광역시 중구 인항로24번길 38 (신흥동3가),032-883-1955,032-885-9275,http://sh.icems.kr,17,5,5,7,0,0,0,283,283,0,89,89,0,85,85,0,109,109,0,0,0,0,0,0,0,0,0,0,16.6,33,12,21,23,8,15,1.0,1.0,0.0,1.0,1.0,0.0,0.0,0.0,0.0,8.0,2.0,6.0,10.0,4.0,6.0,2.0,0.0,2.0,0.0,0.0,0.0,0.0,0.0,0.0,0.0,0.0,0.0,1.0,0.0,1.0,0.0,0.0,0.0,10,4,6,8.6,15,4,11,4,2,2,15,15,2,8,2,1,21302,78.0
10,20231001,인천,중구,남부,중학교,,해당없음,일반중학교,영종중학교,본교,공립,주간,남여공학,기존(원)교,특별/광역시,해당없음,19500605,223-73 ,인천광역시 중구 남디로 92 (운남동. 영종중학교),032-746-0010,032-746-2342,http://youngjong.icems.kr,26,9,7,10,0,0,0,710,374,336,300,176,124,172,78,94,238,120,118,0,0,0,0,0,0,0,0,0,27.3,47,10,37,35,6,29,1.0,0.0,1.0,1.0,0.0,1.0,1.0,1.0,0.0,11.0,1.0,10.0,19.0,4.0,15.0,1.0,0.0,1.0,0.0,0.0,0.0,0.0,0.0,0.0,0.0,0.0,0.0,1.0,0.0,1.0,0.0,0.0,0.0,12,4,8,15.1,13,1,12,3,1,2,13,27,2,6,0,7,15955,23.3
11,20231001,인천,중구,남부,중학교,,해당없음,일반중학교,용유중학교,본교,공립,주간,남여공학,기존(원)교,특별/광역시,초등+중학,19650316,223-84 ,인천광역시 중구 남북로87번길 4 (남북동),032-510-6401,032-629-2824,http://yongyu.icems.kr/main.do,4,1,2,1,0,0,0,43,24,19,19,12,7,12,7,5,12,5,7,0,0,0,0,0,0,0,0,0,10.8,14,4,10,11,4,7,1.0,0.0,1.0,0.0,0.0,0.0,0.0,0.0,0.0,3.0,2.0,1.0,6.0,1.0,5.0,1.0,1.0,0.0,0.0,0.0,0.0,0.0,0.0,0.0,0.0,0.0,0.0,0.0,0.0,0.0,0.0,0.0,0.0,3,0,3,3.1,8,1,7,4,1,3,8,3,3,1,0,0,0,0.0
12,20231001,인천,미추홀구,남부,중학교,,해당없음,일반중학교,용현중학교,본교,공립,주간,남자,기존(원)교,특별/광역시,해당없음,19860301,221-89 ,인천광역시 미추홀구 낙섬동로 16 (용현동. 용현중학교),032-885-2509,032-888-9877,http://yong.icems.kr/,25,8,8,9,0,0,0,740,740,0,237,237,0,252,252,0,251,251,0,0,0,0,0,0,0,0,0,0,29.6,51,16,35,34,12,22,1.0,1.0,0.0,1.0,0.0,1.0,0.0,0.0,0.0,12.0,4.0,8.0,17.0,6.0,11.0,1.0,1.0,0.0,1.0,0.0,1.0,0.0,0.0,0.0,0.0,0.0,0.0,1.0,0.0,1.0,0.0,0.0,0.0,17,4,13,14.5,17,1,16,4,1,3,17,0,25,8,0,1,16218,21.8
13,20231001,인천,미추홀구,남부,중학교,,해당없음,일반중학교,용현여자중학교,본교,공립,주간,여자,기존(원)교,특별/광역시,해당없음,19850301,221-89 ,인천광역시 미추홀구 낙섬동로 28 (용현동. 용현여자중학교),032-884-8462,032-885-4159,http://yhg.icems.kr,25,9,8,8,0,0,0,734,0,734,238,0,238,245,0,245,251,0,251,0,0,0,0,0,0,0,0,0,29.4,48,13,35,36,11,25,1.0,1.0,0.0,1.0,1.0,0.0,0.0,0.0,0.0,12.0,5.0,7.0,19.0,4.0,15.0,1.0,0.0,1.0,1.0,0.0,1.0,0.0,0.0,0.0,0.0,0.0,0.0,0.0,0.0,0.0,1.0,0.0,1.0,12,2,10,15.3,14,1,13,3,1,2,13,25,4,7,0,0,15705,21.3
14,20231001,인천,미추홀구,남부,중학교,,해당없음,일반중학교,인화여자중학교,본교,공립,주간,여자,기존(원)교,특별/광역시,해당없음,19631113,221-00 ,인천광역시 미추홀구 석정로 165 (도화동),032-762-2015,032-766-5024,http://inhwams.icems.kr,30,11,10,9,0,0,0,869,0,869,299,0,299,285,0,285,285,0,285,0,0,0,0,0,0,0,0,0,29.0,56,11,45,39,9,30,1.0,1.0,0.0,1.0,1.0,0.0,0.0,0.0,0.0,12.0,4.0,8.0,23.0,3.0,20.0,1.0,0.0,1.0,0.0,0.0,0.0,0.0,0.0,0.0,0.0,0.0,0.0,1.0,0.0,1.0,0.0,0.0,0.0,17,2,15,15.5,21,3,18,3,0,3,21,29,4,8,0,1,24009,27.4
15,20231001,인천,미추홀구,남부,중학교,,해당없음,일반중학교,제물포여자중학교,본교,공립,주간,여자,기존(원)교,특별/광역시,해당없음,19800301,222-28 ,인천광역시 미추홀구 인주대로470번길 20 (주안동. 제물포여자중학교),032-422-2069,032-426-8826,http://jmp.icems.kr,16,5,5,6,0,0,0,346,0,346,124,0,124,110,0,110,112,0,112,0,0,0,0,0,0,0,0,0,21.6,32,7,25,26,6,20,1.0,0.0,1.0,1.0,1.0,0.0,0.0,0.0,0.0,10.0,5.0,5.0,10.0,0.0,10.0,1.0,0.0,1.0,0.0,0.0,0.0,1.0,0.0,1.0,0.0,0.0,0.0,1.0,0.0,1.0,1.0,0.0,1.0,6,1,5,10.8,14,1,13,3,0,3,13,28,0,13,3,0,24612,70.7
16,20231001,인천,동구,남부,중학교,,해당없음,일반중학교,화도진중학교,본교,공립,주간,남여공학,기존(원)교,특별/광역시,해당없음,19920301,225-13 ,인천광역시 동구 화수로 64 (화수동. 화도진중학교),032-761-4612,032-761-3247,http://hwadojin.icems.kr,17,6,5,6,0,0,0,350,141,209,129,61,68,103,38,65,118,42,76,0,0,0,0,0,0,0,0,0,20.6,33,8,25,26,6,20,1.0,0.0,1.0,1.0,1.0,0.0,1.0,0.0,1.0,12.0,2.0,10.0,8.0,2.0,6.0,2.0,1.0,1.0,1.0,0.0,1.0,0.0,0.0,0.0,0.0,0.0,0.0,0.0,0.0,0.0,0.0,0.0,0.0,7,2,5,10.6,15,1,14,4,0,4,15,18,10,8,0,0,11937,34.0
17,20231001,인천,미추홀구,남부,중학교,,해당없음,일반중학교,인주중학교,본교,공립,주간,남여공학,기존(원)교,특별/광역시,해당없음,20040301,222-02 ,인천광역시 미추홀구 매소홀로 335 (학익동. 인주중학교),032-629-3287,032-863-9316,http://inju.icems.kr,32,11,10,11,0,0,0,924,473,451,297,150,147,308,155,153,319,168,151,0,0,0,0,0,0,0,0,0,28.9,59,13,46,42,12,30,1.0,1.0,0.0,1.0,0.0,1.0,0.0,0.0,0.0,10.0,3.0,7.0,25.0,7.0,18.0,2.0,1.0,1.0,1.0,0.0,1.0,1.0,0.0,1.0,0.0,0.0,0.0,1.0,0.0,1.0,0.0,0.0,0.0,17,1,16,15.7,20,3,17,4,2,2,20,32,4,8,0,0,10000,10.8
18,20231001,인천,중구,남부,중학교,,해당없음,일반중학교,광성중학교,본교,사립,주간,남자,기존(원)교,특별/광역시,해당없음,19550219,223-27 ,인천광역시 중구 참외전로244번길 47 . 광성중학교 (도원동),032-760-5296,032-887-1062,http://www.iks.icems.kr,18,6,6,6,0,0,0,295,295,0,87,87,0,94,94,0,114,114,0,0,0,0,0,0,0,0,0,0,16.4,33,20,13,17,12,5,1.0,1.0,0.0,1.0,1.0,0.0,0.0,0.0,0.0,10.0,6.0,4.0,4.0,4.0,0.0,0.0,0.0,0.0,1.0,0.0,1.0,0.0,0.0,0.0,0.0,0.0,0.0,0.0,0.0,0.0,0.0,0.0,0.0,16,8,8,8.9,5,3,2,5,3,2,5,18,1,6,0,2,0,0.0
19,20231001,인천,동구,남부,중학교,,해당없음,일반중학교,인천재능중학교,본교,사립,주간,남자,기존(원)교,특별/광역시,해당없음,19641113,225-73 ,인천광역시 동구 재능로 178 (송림동),032-627-6982,032-627-6985,http://jei.icems.kr,15,5,5,5,0,0,0,345,345,0,128,128,0,98,98,0,119,119,0,0,0,0,0,0,0,0,0,0,23.0,28,17,11,22,15,7,1.0,1.0,0.0,1.0,0.0,1.0,0.0,0.0,0.0,8.0,8.0,0.0,11.0,6.0,5.0,0.0,0.0,0.0,1.0,0.0,1.0,0.0,0.0,0.0,0.0,0.0,0.0,0.0,0.0,0.0,0.0,0.0,0.0,6,2,4,12.3,6,3,3,4,3,1,6,15,1,3,0,0,6541,18.6
20,20231001,인천,동구,남부,중학교,,해당없음,일반중학교,동산중학교,본교,사립,주간,남자,기존(원)교,특별/광역시,해당없음,19380714,225-59 ,인천광역시 동구 동산로 58 동산중학교 (송림동. 동산중학교.동산고등학교),032-629-3461,032-763-7837,http://dongsanms.icems.kr/,21,7,7,7,0,0,0,505,505,0,172,172,0,165,165,0,168,168,0,0,0,0,0,0,0,0,0,0,24.0,37,28,9,29,24,5,1.0,1.0,0.0,1.0,1.0,0.0,0.0,0.0,0.0,12.0,9.0,3.0,14.0,13.0,1.0,0.0,0.0,0.0,0.0,0.0,0.0,0.0,0.0,0.0,0.0,0.0,0.0,1.0,0.0,1.0,0.0,0.0,0.0,8,4,4,13.6,5,2,3,4,2,2,4,21,3,4,0,0,38811,75.8
21,20231001,인천,중구,남부,중학교,,해당없음,일반중학교,송도중학교,본교,사립,주간,남자,기존(원)교,특별/광역시,해당없음,19061003,223-24 ,인천광역시 중구 제물량로 123 송도중학교,032-772-9383,032-764-1766,http://songdo.icems.kr/main.do,15,5,5,5,0,0,0,228,228,0,80,80,0,71,71,0,77,77,0,0,0,0,0,0,0,0,0,0,15.2,30,16,14,24,16,8,0.0,0.0,0.0,1.0,1.0,0.0,0.0,0.0,0.0,10.0,8.0,2.0,13.0,7.0,6.0,0.0,0.0,0.0,0.0,0.0,0.0,0.0,0.0,0.0,0.0,0.0,0.0,0.0,0.0,0.0,0.0,0.0,0.0,6,0,6,7.6,8,3,5,4,3,1,8,15,3,12,0,1,9731,43.4
22,20231001,인천,중구,남부,중학교,,해당없음,일반중학교,인성여자중학교,본교,사립,주간,여자,기존(원)교,특별/광역시,해당없음,19520515,223-15 ,인천광역시 중구 홍예문로 39 . 인성여자중학교 (송학동2가. 인성여자고등학교.인성여자중학교),032-762-8505,032-766-2857,http://insung.icems.kr,12,4,4,4,0,0,0,286,0,286,96,0,96,100,0,100,90,0,90,0,0,0,0,0,0,0,0,0,23.8,24,5,19,20,5,15,1.0,0.0,1.0,1.0,1.0,0.0,0.0,0.0,0.0,8.0,3.0,5.0,9.0,1.0,8.0,0.0,0.0,0.0,1.0,0.0,1.0,0.0,0.0,0.0,0.0,0.0,0.0,0.0,0.0,0.0,0.0,0.0,0.0,4,0,4,11.9,5,2,3,3,2,1,6,12,4,4,0,0,10721,37.1
23,20231001,인천,미추홀구,남부,중학교,,해당없음,일반중학교,인하대학교사범대학부속중학교,본교,사립,주간,남자,기존(원)교,특별/광역시,해당없음,19690424,222-11 ,인천광역시 미추홀구 재넘이길123번길 29 . 인하대학교사범대학부속중학교 (학익동. 인하사범대부속중고등학교),032-452-9900,032-875-1325,http://inha.icems.kr,27,9,9,9,0,0,0,752,752,0,250,250,0,236,236,0,266,266,0,0,0,0,0,0,0,0,0,0,27.9,48,22,26,33,19,14,1.0,1.0,0.0,1.0,1.0,0.0,0.0,0.0,0.0,12.0,6.0,6.0,18.0,11.0,7.0,0.0,0.0,0.0,1.0,0.0,1.0,0.0,0.0,0.0,0.0,0.0,0.0,0.0,0.0,0.0,0.0,0.0,0.0,15,3,12,15.7,7,3,4,4,3,1,7,27,4,7,0,0,0,0.0
24,20231001,인천,중구,남부,중학교,,해당없음,일반중학교,인천중산중학교,본교,공립,주간,남여공학,기존(원)교,특별/광역시,해당없음,20190301,223-93 ,인천광역시 중구 두미포로 189 (중산동. 인천중산중학교),032-509-4900,032-509-4920,http://jungsan.icems.kr/,29,11,10,8,0,0,0,869,413,456,338,168,170,308,150,158,223,95,128,0,0,0,0,0,0,0,0,0,30.0,54,21,33,40,16,24,1.0,0.0,1.0,1.0,1.0,0.0,0.0,0.0,0.0,12.0,6.0,6.0,22.0,8.0,14.0,1.0,0.0,1.0,1.0,1.0,0.0,0.0,0.0,0.0,0.0,0.0,0.0,1.0,0.0,1.0,1.0,0.0,1.0,14,5,9,16.1,17,3,14,4,1,3,17,31,0,14,0,0,15575,18.2
25,20231001,인천,중구,남부,중학교,,해당없음,일반중학교,인천하늘중학교,본교,공립,주간,남여공학,기존(원)교,특별/광역시,해당없음,20210302,223-89 ,인천광역시 중구 찬들로284번길 16 (운남동),032-452-6106,032-752-8364,http://haneul.icems.kr/,31,10,10,11,0,0,0,969,490,479,340,166,174,310,167,143,319,157,162,0,0,0,0,0,0,0,0,0,31.3,59,17,42,42,14,28,1.0,0.0,1.0,1.0,1.0,0.0,0.0,0.0,0.0,13.0,5.0,8.0,24.0,8.0,16.0,1.0,0.0,1.0,1.0,0.0,1.0,0.0,0.0,0.0,0.0,0.0,0.0,0.0,0.0,0.0,1.0,0.0,1.0,17,3,14,16.4,17,4,13,4,3,1,17,30,0,7,0,1,15203,15.8
26,20231001,인천,부평구,북부,중학교,,해당없음,일반중학교,구산중학교,본교,공립,주간,남여공학,기존(원)교,특별/광역시,해당없음,19970301,213-46 ,인천광역시 부평구 수변로 199 (부개동. 구산중학교),032-361-9092,032-361-9095,http://kusan.icems.kr/main.do,30,10,10,10,0,0,0,882,453,429,293,142,151,302,151,151,287,160,127,0,0,0,0,0,0,0,0,0,29.4,54,6,48,48,4,44,1.0,0.0,1.0,1.0,0.0,1.0,0.0,0.0,0.0,12.0,2.0,10.0,30.0,2.0,28.0,1.0,0.0,1.0,1.0,0.0,1.0,1.0,0.0,1.0,0.0,0.0,0.0,1.0,0.0,1.0,0.0,0.0,0.0,6,2,4,16.3,17,2,15,4,1,3,20,31,0,8,1,4,11029,12.4
27,20231001,인천,부평구,북부,중학교,,해당없음,일반중학교,인천상정중학교,본교,공립,주간,남여공학,기존(원)교,특별/광역시,해당없음,20080304,214-47 ,인천광역시 부평구 경원대로 1083 (십정동. 상정중학교),032-421-4126,032-421-4127,http://isangjeong.icems.kr,17,6,6,5,0,0,0,361,210,151,138,79,59,125,71,54,98,60,38,0,0,0,0,0,0,0,0,0,21.2,30,8,22,25,7,18,1.0,0.0,1.0,1.0,0.0,1.0,0.0,0.0,0.0,10.0,2.0,8.0,10.0,4.0,6.0,2.0,1.0,1.0,0.0,0.0,0.0,0.0,0.0,0.0,0.0,0.0,0.0,0.0,0.0,0.0,1.0,0.0,1.0,5,1,4,12.0,14,2,12,3,2,1,14,17,6,7,0,3,11527,32.3
28,20231001,인천,부평구,북부,중학교,,해당없음,일반중학교,동암중학교,본교,공립,주간,남여공학,기존(원)교,특별/광역시,해당없음,19850301,214-36 ,인천광역시 부평구 동암산로43번길 12 (십정동),032-425-9676,032-426-5515,http://dongam.icems.kr,17,6,6,5,0,0,0,304,208,96,111,71,40,126,70,56,67,67,0,0,0,0,0,0,0,0,0,0,17.9,35,13,22,25,8,17,1.0,1.0,0.0,1.0,0.0,1.0,0.0,0.0,0.0,7.0,0.0,7.0,13.0,6.0,7.0,1.0,1.0,0.0,1.0,0.0,1.0,0.0,0.0,0.0,0.0,0.0,0.0,1.0,0.0,1.0,0.0,0.0,0.0,10,5,5,8.7,13,3,10,4,3,1,13,16,5,11,0,0,11883,39.3
29,20231001,인천,부평구,북부,중학교,,해당없음,일반중학교,부광중학교,본교,공립,주간,남여공학,기존(원)교,특별/광역시,해당없음,19861010,213-48 ,인천광역시 부평구 충선로 140 . 부광중학교 (부개동),032-511-6052,032-505-3914,http://bugwang.icems.kr,22,7,7,8,0,0,0,647,361,286,213,124,89,217,108,109,217,129,88,0,0,0,0,0,0,0,0,0,29.4,41,5,36,35,4,31,1.0,0.0,1.0,1.0,0.0,1.0,0.0,0.0,0.0,12.0,2.0,10.0,18.0,1.0,17.0,1.0,1.0,0.0,1.0,0.0,1.0,0.0,0.0,0.0,0.0,0.0,0.0,1.0,0.0,1.0,0.0,0.0,0.0,6,1,5,15.8,18,4,14,4,2,2,18,22,0,8,1,1,15052,22.9
30,20231001,인천,부평구,북부,중학교,,해당없음,일반중학교,부원중학교,본교,공립,주간,남자,기존(원)교,특별/광역시,해당없음,19910301,213-87 ,인천광역시 부평구 경원대로 1339 (부평동. 인천 부원중학교),032-505-2632,032-505-2639,http://buwon.icems.kr,30,10,11,9,0,0,0,842,842,0,279,279,0,275,275,0,288,288,0,0,0,0,0,0,0,0,0,0,28.1,53,16,37,42,12,30,1.0,1.0,0.0,1.0,1.0,0.0,0.0,0.0,0.0,12.0,4.0,8.0,24.0,6.0,18.0,2.0,0.0,2.0,1.0,0.0,1.0,0.0,0.0,0.0,0.0,0.0,0.0,1.0,0.0,1.0,0.0,0.0,0.0,11,4,7,15.9,20,2,18,4,0,4,19,29,5,6,2,1,12262,14.4
31,20231001,인천,부평구,북부,중학교,,해당없음,일반중학교,부원여자중학교,본교,공립,주간,여자,기존(원)교,특별/광역시,해당없음,20020301,213-87 ,인천광역시 부평구 부영로 88 (부평동. 부원여자중학교),032-526-3968,032-525-7106,http://buwon-gm.icems.kr/main.do,31,10,10,11,0,0,0,944,0,944,314,0,314,308,0,308,322,0,322,0,0,0,0,0,0,0,0,0,30.5,55,6,49,48,4,44,1.0,0.0,1.0,1.0,0.0,1.0,0.0,0.0,0.0,12.0,1.0,11.0,32.0,3.0,29.0,1.0,0.0,1.0,0.0,0.0,0.0,0.0,0.0,0.0,0.0,0.0,0.0,1.0,0.0,1.0,0.0,0.0,0.0,7,2,5,17.2,20,2,18,3,0,3,19,31,2,4,0,0,11666,12.2
32,20231001,인천,부평구,북부,중학교,,해당없음,일반중학교,부일중학교,본교,공립,주간,남여공학,기존(원)교,특별/광역시,해당없음,19920301,213-19 ,인천광역시 부평구 영성로 3 (삼산동. 부일중학교),032-628-3842,032-528-2155,http://buil.icems.kr,22,6,6,10,0,0,0,502,256,246,164,86,78,143,73,70,195,97,98,0,0,0,0,0,0,0,0,0,22.8,41,10,31,36,8,28,1.0,1.0,0.0,1.0,1.0,0.0,0.0,0.0,0.0,11.0,2.0,9.0,19.0,3.0,16.0,2.0,1.0,1.0,1.0,0.0,1.0,0.0,0.0,0.0,0.0,0.0,0.0,1.0,0.0,1.0,0.0,0.0,0.0,5,2,3,12.2,16,4,12,3,2,1,16,22,6,11,0,2,12918,26.0
33,20231001,인천,부평구,북부,중학교,,해당없음,일반중학교,부일여자중학교,본교,공립,주간,여자,기존(원)교,특별/광역시,해당없음,19840301,214-29 ,인천광역시 부평구 동수로 8 (부평동. 부일여자중학교),032-522-4177,032-529-2918,http://buil-gm.icems.kr,13,4,4,5,0,0,0,202,0,202,61,0,61,57,0,57,84,0,84,0,0,0,0,0,0,0,0,0,15.5,27,2,25,23,0,23,1.0,0.0,1.0,1.0,0.0,1.0,0.0,0.0,0.0,10.0,0.0,10.0,8.0,0.0,8.0,1.0,0.0,1.0,0.0,0.0,0.0,1.0,0.0,1.0,0.0,0.0,0.0,1.0,0.0,1.0,0.0,0.0,0.0,4,2,2,7.5,15,3,12,4,1,3,11,13,5,7,0,0,14738,74.4
34,20231001,인천,부평구,북부,중학교,,해당없음,일반중학교,부평중학교,본교,공립,주간,남자,기존(원)교,특별/광역시,해당없음,19670908,213-56 ,인천광역시 부평구 부흥북로57번길 10 (부평동. 부평중학교),032-529-5132,032-516-1540,http://bp.icems.kr,15,4,5,6,0,0,0,301,301,0,79,79,0,115,115,0,107,107,0,0,0,0,0,0,0,0,0,0,20.1,34,7,27,27,6,21,1.0,1.0,0.0,1.0,1.0,0.0,1.0,0.0,1.0,8.0,1.0,7.0,13.0,3.0,10.0,1.0,0.0,1.0,1.0,0.0,1.0,0.0,0.0,0.0,0.0,0.0,0.0,1.0,0.0,1.0,0.0,0.0,0.0,7,1,6,8.9,10,1,9,3,1,2,11,15,3,7,0,2,16554,57.3
35,20231001,인천,부평구,북부,중학교,,해당없음,일반중학교,부평서중학교,본교,공립,주간,남자,기존(원)교,특별/광역시,해당없음,19800312,213-75 ,인천광역시 부평구 화랑로 29 (산곡동 310-23. 부평서중학교),032-522-3577,032-628-3131,http://bupyeongseo.icems.kr/main.do,14,4,4,6,0,0,0,278,278,0,91,91,0,79,79,0,108,108,0,0,0,0,0,0,0,0,0,0,19.9,29,5,24,23,4,19,1.0,1.0,0.0,1.0,1.0,0.0,0.0,0.0,0.0,8.0,1.0,7.0,12.0,1.0,11.0,1.0,0.0,1.0,0.0,0.0,0.0,0.0,0.0,0.0,0.0,0.0,0.0,0.0,0.0,0.0,0.0,0.0,0.0,6,1,5,9.6,13,3,10,5,2,3,12,14,6,6,1,3,17408,63.8
36,20231001,인천,부평구,북부,중학교,,해당없음,일반중학교,부평서여자중학교,본교,공립,주간,여자,기존(원)교,특별/광역시,해당없음,19780310,213-75 ,인천광역시 부평구 경원대로 1213 (십정동. 부평서여자중학교),032-504-0412,032-504-0419,http://bpsg.icems.kr/main.do,18,5,6,7,0,0,0,351,0,351,89,0,89,118,0,118,144,0,144,0,0,0,0,0,0,0,0,0,19.5,39,7,32,34,6,28,1.0,1.0,0.0,1.0,1.0,0.0,1.0,0.0,1.0,12.0,3.0,9.0,14.0,1.0,13.0,1.0,0.0,1.0,1.0,0.0,1.0,1.0,0.0,1.0,0.0,0.0,0.0,1.0,0.0,1.0,1.0,0.0,1.0,5,1,4,9.0,9,2,7,3,1,2,10,26,7,8,0,1,22425,65.0
37,20231001,인천,부평구,북부,중학교,,해당없음,일반중학교,부평여자중학교,본교,공립,주간,여자,기존(원)교,특별/광역시,해당없음,19700302,213-98 ,인천광역시 부평구 부평문화로 193-1 (부개동. 부평여자중학교),032-515-5814,032-516-8492,http://bpgs.icems.kr,17,5,5,7,0,0,0,355,0,355,120,0,120,120,0,120,115,0,115,0,0,0,0,0,0,0,0,0,20.9,34,5,29,28,4,24,1.0,1.0,0.0,1.0,0.0,1.0,0.0,0.0,0.0,11.0,2.0,9.0,13.0,1.0,12.0,1.0,0.0,1.0,0.0,0.0,0.0,0.0,0.0,0.0,0.0,0.0,0.0,1.0,0.0,1.0,0.0,0.0,0.0,6,1,5,10.4,13,2,11,3,1,2,13,17,8,6,0,3,18398,52.1
38,20231001,인천,부평구,북부,중학교,,해당없음,일반중학교,부흥중학교,본교,공립,주간,남여공학,기존(원)교,특별/광역시,해당없음,19870301,213-48 ,인천광역시 부평구 충선로 152 (부개동. 인천부흥중학교),032-527-5383,032-514-0876,http://i-buheung.icems.kr,19,7,6,6,0,0,0,546,253,293,223,111,112,176,80,96,147,62,85,0,0,0,0,0,0,0,0,0,28.7,34,4,30,28,3,25,1.0,0.0,1.0,1.0,0.0,1.0,0.0,0.0,0.0,11.0,0.0,11.0,13.0,2.0,11.0,1.0,1.0,0.0,0.0,0.0,0.0,0.0,0.0,0.0,0.0,0.0,0.0,1.0,0.0,1.0,0.0,0.0,0.0,6,1,5,16.1,17,2,15,4,1,3,17,19,6,6,0,1,14750,27.1
39,20231001,인천,부평구,북부,중학교,,해당없음,일반중학교,산곡중학교,본교,공립,주간,남자,기존(원)교,특별/광역시,해당없음,19840301,213-71 ,인천광역시 부평구 원적로300번길 14 (산곡동. 산곡중학교),032-523-7322,032-524-7322,http://sangok.icems.kr,16,6,5,5,0,0,0,310,310,0,89,89,0,113,113,0,108,108,0,0,0,0,0,0,0,0,0,0,19.4,33,8,25,27,8,19,1.0,0.0,1.0,1.0,0.0,1.0,0.0,0.0,0.0,9.0,3.0,6.0,12.0,4.0,8.0,2.0,0.0,2.0,1.0,1.0,0.0,0.0,0.0,0.0,0.0,0.0,0.0,1.0,0.0,1.0,0.0,0.0,0.0,6,0,6,9.4,16,3,13,5,2,3,15,21,4,9,0,0,16302,52.1
40,20231001,인천,부평구,북부,중학교,,해당없음,일반중학교,산곡남중학교,본교,공립,주간,남자,기존(원)교,특별/광역시,해당없음,19871021,213-76 ,인천광역시 부평구 안남로 187 (산곡동. 산곡남중학교),032-525-0430,032-525-5874,http://www.sgnam.icems.kr,28,10,9,9,0,0,0,852,852,0,283,283,0,277,277,0,292,292,0,0,0,0,0,0,0,0,0,0,30.4,52,14,38,46,11,35,1.0,1.0,0.0,0.0,0.0,0.0,0.0,0.0,0.0,12.0,5.0,7.0,28.0,4.0,24.0,2.0,1.0,1.0,1.0,0.0,1.0,0.0,0.0,0.0,0.0,0.0,0.0,1.0,0.0,1.0,1.0,0.0,1.0,6,3,3,16.4,18,3,15,5,3,2,18,27,4,16,0,0,15239,17.8
41,20231001,인천,부평구,북부,중학교,,해당없음,일반중학교,산곡여자중학교,본교,공립,주간,여자,기존(원)교,특별/광역시,해당없음,19900301,213-80 ,인천광역시 부평구 마장로204번길 37 (산곡동. 산곡여자중학교),032-512-6746,032-502-6846,http://www.sangok-girls.icems.kr/main.do,31,10,10,11,0,0,0,844,0,844,279,0,279,266,0,266,299,0,299,0,0,0,0,0,0,0,0,0,27.2,61,8,53,51,6,45,1.0,1.0,0.0,1.0,0.0,1.0,0.0,0.0,0.0,12.0,0.0,12.0,34.0,5.0,29.0,1.0,0.0,1.0,1.0,0.0,1.0,0.0,0.0,0.0,0.0,0.0,0.0,1.0,0.0,1.0,0.0,0.0,0.0,10,2,8,13.8,18,4,14,4,1,3,19,31,0,8,5,0,7470,8.8
42,20231001,인천,부평구,북부,중학교,,해당없음,일반중학교,청천중학교,본교,공립,주간,남여공학,기존(원)교,특별/광역시,해당없음,19850301,213-13 ,인천광역시 부평구 마장로364번길 23 (청천동. 청천중학교),032-503-3902,032-504-5293,http://cheongcheon.icems.kr,23,8,8,7,0,0,0,425,209,216,114,49,65,172,90,82,139,70,69,0,0,0,0,0,0,0,0,0,18.5,43,4,39,37,4,33,1.0,1.0,0.0,1.0,0.0,1.0,0.0,0.0,0.0,12.0,2.0,10.0,18.0,1.0,17.0,3.0,0.0,3.0,1.0,0.0,1.0,0.0,0.0,0.0,0.0,0.0,0.0,1.0,0.0,1.0,0.0,0.0,0.0,6,0,6,9.9,19,2,17,4,0,4,17,23,0,7,0,1,12304,28.9
43,20231001,인천,부평구,북부,중학교,,해당없음,일반중학교,삼산중학교,본교,공립,주간,남여공학,기존(원)교,특별/광역시,해당없음,20050301,213-24 ,인천광역시 부평구 충선로 308. 삼산중학교 (삼산동),032-511-5667,032-511-5668,http://isamsan.icems.kr/main.do,35,12,11,12,0,0,0,956,482,474,311,147,164,325,167,158,320,168,152,0,0,0,0,0,0,0,0,0,27.3,63,11,52,50,6,44,1.0,0.0,1.0,1.0,0.0,1.0,0.0,0.0,0.0,11.0,2.0,9.0,34.0,4.0,30.0,1.0,0.0,1.0,0.0,0.0,0.0,0.0,0.0,0.0,0.0,0.0,0.0,1.0,0.0,1.0,1.0,0.0,1.0,13,5,8,15.2,19,3,16,3,0,3,18,34,0,8,0,0,12806,13.3
44,20231001,인천,부평구,북부,중학교,,해당없음,일반중학교,진산중학교,본교,공립,주간,남여공학,기존(원)교,특별/광역시,해당없음,20050301,213-41 ,인천광역시 부평구 충선로234번길 70 (삼산동. 진산중학교),032-628-4300,032-511-1924,http://jinsan.icems.kr,32,11,10,11,0,0,0,904,474,430,307,152,155,312,170,142,285,152,133,0,0,0,0,0,0,0,0,0,28.3,55,8,47,51,7,44,1.0,1.0,0.0,1.0,1.0,0.0,0.0,0.0,0.0,11.0,0.0,11.0,35.0,5.0,30.0,1.0,0.0,1.0,1.0,0.0,1.0,0.0,0.0,0.0,0.0,0.0,0.0,1.0,0.0,1.0,0.0,0.0,0.0,4,1,3,16.4,20,5,15,6,3,3,20,31,5,5,0,0,13060,14.4
45,20231001,인천,부평구,북부,중학교,,해당없음,일반중학교,부평동중학교,본교,공립,주간,남자,기존(원)교,특별/광역시,해당없음,19700301,213-98 ,인천광역시 부평구 수변로107번길 4 (부개동. 부평동중학교),032-529-2082,032-505-1536,http://bupyeongdong.icems.kr/,16,5,5,6,0,0,0,307,307,0,92,92,0,116,116,0,99,99,0,0,0,0,0,0,0,0,0,0,19.2,29,6,23,27,5,22,1.0,1.0,0.0,1.0,1.0,0.0,0.0,0.0,0.0,10.0,2.0,8.0,13.0,1.0,12.0,1.0,0.0,1.0,0.0,0.0,0.0,0.0,0.0,0.0,0.0,0.0,0.0,1.0,0.0,1.0,0.0,0.0,0.0,2,1,1,10.6,14,2,12,3,1,2,14,18,7,6,0,0,23886,77.8
46,20231001,인천,남동구,동부,중학교,,해당없음,일반중학교,간석여자중학교,본교,공립,주간,여자,기존(원)교,특별/광역시,해당없음,19840301,215-10 ,인천광역시 남동구 간석로25번길 13 (간석동. 간석여자중학교),032-429-5969,032-629-7667,http://ganseok.icems.kr/,15,5,4,6,0,0,0,277,0,277,91,0,91,78,0,78,108,0,108,0,0,0,0,0,0,0,0,0,18.5,31,6,25,23,4,19,1.0,0.0,1.0,1.0,0.0,1.0,1.0,0.0,1.0,9.0,2.0,7.0,9.0,2.0,7.0,1.0,0.0,1.0,1.0,0.0,1.0,0.0,0.0,0.0,0.0,0.0,0.0,0.0,0.0,0.0,0.0,0.0,0.0,8,2,6,8.9,16,4,12,4,2,2,14,16,4,6,0,0,11138,40.2
47,20231001,인천,남동구,동부,중학교,,해당없음,일반중학교,구월중학교,본교,공립,주간,남자,기존(원)교,특별/광역시,해당없음,19810301,215-61 ,인천광역시 남동구 남동대로 814 (구월동),032-460-6503,032-467-5913,http://guwol.icems.kr,33,10,11,12,0,0,0,986,986,0,320,320,0,334,334,0,332,332,0,0,0,0,0,0,0,0,0,0,29.9,61,16,45,48,11,37,1.0,1.0,0.0,0.0,0.0,0.0,0.0,0.0,0.0,9.0,3.0,6.0,35.0,7.0,28.0,1.0,0.0,1.0,1.0,0.0,1.0,0.0,0.0,0.0,0.0,0.0,0.0,1.0,0.0,1.0,0.0,0.0,0.0,13,5,8,16.2,19,4,15,4,2,2,18,33,1,8,0,0,13884,13.8
48,20231001,인천,남동구,동부,중학교,,해당없음,일반중학교,구월여자중학교,본교,공립,주간,여자,기존(원)교,특별/광역시,해당없음,19900301,215-70 ,인천 남동구 성말로13번길 78 . 구월여자중학교  (구월동.구월여자중학교),032-433-4005,032-435-0467,http://gwg.icems.kr,27,9,9,9,0,0,0,737,0,737,246,0,246,254,0,254,237,0,237,0,0,0,0,0,0,0,0,0,27.3,52,8,44,42,6,36,1.0,0.0,1.0,1.0,0.0,1.0,0.0,0.0,0.0,15.0,4.0,11.0,22.0,2.0,20.0,1.0,0.0,1.0,1.0,0.0,1.0,0.0,0.0,0.0,0.0,0.0,0.0,1.0,0.0,1.0,0.0,0.0,0.0,10,2,8,14.2,18,3,15,3,2,1,18,27,1,7,0,0,11227,15.0
49,20231001,인천,남동구,동부,중학교,,해당없음,일반중학교,남동중학교,본교,공립,주간,남여공학,기존(원)교,특별/광역시,해당없음,19920301,215-96 ,인천광역시 남동구 담방로 7 (만수동),032-462-0120,032-468-5326,http://namdong.icems.kr,27,9,8,10,0,0,0,711,362,349,236,119,117,223,115,108,252,128,124,0,0,0,0,0,0,0,0,0,26.3,54,14,40,43,11,32,1.0,1.0,0.0,1.0,1.0,0.0,0.0,0.0,0.0,8.0,2.0,6.0,30.0,7.0,23.0,1.0,0.0,1.0,1.0,0.0,1.0,0.0,0.0,0.0,0.0,0.0,0.0,1.0,0.0,1.0,0.0,0.0,0.0,11,3,8,13.2,16,2,14,3,1,2,17,27,0,9,0,0,11075,15.4
50,20231001,인천,남동구,동부,중학교,,해당없음,일반중학교,논곡중학교,본교,공립,주간,남여공학,기존(원)교,특별/광역시,해당없음,20010108,216-36 ,인천광역시 남동구 논곡로 84 (논현동. 논곡중학교),032-4426-8552,032-629-8559,http://nongok.icems.kr,16,5,5,6,0,0,0,267,159,108,94,59,35,88,49,39,85,51,34,0,0,0,0,0,0,0,0,0,16.7,31,5,26,23,4,19,1.0,0.0,1.0,1.0,0.0,1.0,0.0,0.0,0.0,10.0,4.0,6.0,8.0,0.0,8.0,1.0,0.0,1.0,0.0,0.0,0.0,0.0,0.0,0.0,0.0,0.0,0.0,1.0,0.0,1.0,1.0,0.0,1.0,8,1,7,8.6,11,1,10,4,1,3,11,16,10,7,0,4,10456,39.0
51,20231001,인천,남동구,동부,중학교,,해당없음,일반중학교,동인천중학교,본교,공립,주간,남자,기존(원)교,특별/광역시,해당없음,19510830,215-53 ,인천광역시 남동구 구월남로57번길 12 (구월동. 동인천중학교),032-629-7392,032-629-7405,http://donginchon.icems.kr/,20,6,6,8,0,0,0,441,441,0,175,175,0,139,139,0,127,127,0,0,0,0,0,0,0,0,0,0,22.1,42,20,22,29,13,16,1.0,1.0,0.0,1.0,1.0,0.0,0.0,0.0,0.0,9.0,4.0,5.0,14.0,6.0,8.0,2.0,1.0,1.0,1.0,0.0,1.0,0.0,0.0,0.0,0.0,0.0,0.0,1.0,0.0,1.0,0.0,0.0,0.0,13,7,6,10.5,18,4,14,6,3,3,16,21,3,7,0,1,23297,51.4
52,20231001,인천,연수구,동부,중학교,,해당없음,일반중학교,연성중학교,본교,공립,주간,남여공학,기존(원)교,특별/광역시,해당없음,19940301,219-67 ,인천광역시 연수구 원인재로 105 (동춘동. 연성중학교),032-815-4129,032-817-4051,http://yeonsung.icems.kr,29,10,9,10,0,0,0,755,390,365,267,145,122,241,123,118,247,122,125,0,0,0,0,0,0,0,0,0,26.0,51,11,40,42,10,32,1.0,1.0,0.0,1.0,0.0,1.0,0.0,0.0,0.0,12.0,4.0,8.0,26.0,5.0,21.0,0.0,0.0,0.0,1.0,0.0,1.0,0.0,0.0,0.0,0.0,0.0,0.0,1.0,0.0,1.0,0.0,0.0,0.0,9,1,8,14.8,18,3,15,4,1,3,19,29,2,9,0,1,11351,15.0
53,20231001,인천,남동구,동부,중학교,,해당없음,일반중학교,만성중학교,본교,공립,주간,남여공학,기존(원)교,특별/광역시,해당없음,19940301,215-41 ,인천광역시 남동구 인주대로 899 (만수동. 만성중학교),032-629-8085,032-472-2239,http://manseong.icems.kr/,22,8,7,7,0,0,0,414,197,217,127,66,61,140,58,82,147,73,74,0,0,0,0,0,0,0,0,0,18.8,43,8,35,34,5,29,1.0,1.0,0.0,1.0,0.0,1.0,0.0,0.0,0.0,11.0,1.0,10.0,17.0,2.0,15.0,1.0,1.0,0.0,1.0,0.0,1.0,1.0,0.0,1.0,0.0,0.0,0.0,0.0,0.0,0.0,1.0,0.0,1.0,9,3,6,9.6,16,3,13,4,2,2,17,21,5,6,0,1,16232,39.6
54,20231001,인천,남동구,동부,중학교,,해당없음,일반중학교,만수중학교,본교,공립,주간,남자,기존(원)교,특별/광역시,해당없음,19840301,215-28 ,인천광역시 남동구 인수로 13 (만수동.만수중학교),032-467-1833,032-467-1837,http://mansu.icems.kr/,13,4,4,5,0,0,0,186,186,0,45,45,0,54,54,0,87,87,0,0,0,0,0,0,0,0,0,0,14.3,30,11,19,24,9,15,1.0,0.0,1.0,1.0,1.0,0.0,0.0,0.0,0.0,9.0,3.0,6.0,10.0,3.0,7.0,1.0,1.0,0.0,1.0,1.0,0.0,0.0,0.0,0.0,0.0,0.0,0.0,1.0,0.0,1.0,0.0,0.0,0.0,6,2,4,6.2,12,0,12,3,0,3,11,16,3,9,0,0,13438,72.2
55,20231001,인천,남동구,동부,중학교,,해당없음,일반중학교,인천사리울중학교,본교,공립,주간,남여공학,기존(원)교,특별/광역시,해당없음,20110301,216-83 ,인천광역시 남동구 에코중앙로84번길 12 . (논현동) (논현동. 사리울중학교),032-435-1635,032-435-1633,http://sru.icems.kr,25,8,8,9,0,0,0,751,351,400,258,119,139,253,124,129,240,108,132,0,0,0,0,0,0,0,0,0,30.0,49,8,41,36,4,32,1.0,0.0,1.0,1.0,1.0,0.0,0.0,0.0,0.0,11.0,0.0,11.0,21.0,3.0,18.0,1.0,0.0,1.0,0.0,0.0,0.0,0.0,0.0,0.0,0.0,0.0,0.0,1.0,0.0,1.0,0.0,0.0,0.0,13,4,9,15.3,19,1,18,3,0,3,20,24,4,6,0,1,11462,15.2
56,20231001,인천,연수구,동부,중학교,,해당없음,일반중학교,인천신정중학교,본교,공립,주간,남여공학,기존(원)교,특별/광역시,해당없음,20110301,220-01 ,인천광역시 연수구 컨벤시아대로42번길 80 (송도동. 신정중학교),032-858-9124,032-858-9132,http://ishinjeong.icems.kr,37,13,12,12,0,0,0,1271,647,624,426,210,216,416,211,205,429,226,203,0,0,0,0,0,0,0,0,0,34.4,66,11,55,53,5,48,1.0,1.0,0.0,1.0,0.0,1.0,0.0,0.0,0.0,12.0,3.0,9.0,36.0,1.0,35.0,1.0,0.0,1.0,1.0,0.0,1.0,0.0,0.0,0.0,0.0,0.0,0.0,1.0,0.0,1.0,0.0,0.0,0.0,13,6,7,19.3,19,2,17,4,0,4,18,37,5,8,0,0,15542,12.3
57,20231001,인천,남동구,동부,중학교,,해당없음,일반중학교,만수북중학교,본교,공립,주간,남자,기존(원)교,특별/광역시,해당없음,19870304,215-22 ,인천광역시 남동구 만수서로 117 (만수동. 만수북중학교),032-472-3126,032-472-3127,http://mansubuk.icems.kr/,21,7,7,7,0,0,0,540,540,0,206,206,0,176,176,0,158,158,0,0,0,0,0,0,0,0,0,0,25.7,44,7,37,34,6,28,1.0,1.0,0.0,1.0,0.0,1.0,0.0,0.0,0.0,11.0,2.0,9.0,16.0,3.0,13.0,2.0,0.0,2.0,1.0,0.0,1.0,1.0,0.0,1.0,0.0,0.0,0.0,1.0,0.0,1.0,0.0,0.0,0.0,10,1,9,12.3,14,3,11,3,1,2,14,20,3,9,0,1,15125,27.9
58,20231001,인천,연수구,동부,중학교,,해당없음,일반중학교,인천예송중학교,본교,공립,주간,남여공학,기존(원)교,특별/광역시,해당없음,20170301,220-09 ,인천광역시 연수구 아카데미로 212 (송도동. 예송중학교),032-340-8600,032-858-8505,http://yesong.icems.kr,30,11,10,9,0,0,0,1027,506,521,385,186,199,317,163,154,325,157,168,0,0,0,0,0,0,0,0,0,34.2,54,10,44,45,7,38,1.0,0.0,1.0,1.0,1.0,0.0,0.0,0.0,0.0,11.0,1.0,10.0,28.0,5.0,23.0,1.0,0.0,1.0,0.0,0.0,0.0,1.0,0.0,1.0,0.0,0.0,0.0,1.0,0.0,1.0,1.0,0.0,1.0,9,3,6,19.0,18,3,15,5,1,4,17,7,21,7,0,3,14743,14.3
59,20231001,인천,연수구,동부,중학교,,해당없음,일반중학교,인천미송중학교,본교,공립,주간,남여공학,기존(원)교,특별/광역시,해당없음,20210301,220-17 ,인천광역시 연수구 아카데미로 679 (송도동. 인천미송중학교),032-456-3100,032-858-8823,http://misongms.icems.kr,37,11,11,15,0,0,0,1230,625,605,382,188,194,385,203,182,463,234,229,0,0,0,0,0,0,0,0,0,33.2,69,14,55,52,11,41,1.0,1.0,0.0,1.0,1.0,0.0,0.0,0.0,0.0,12.0,2.0,10.0,36.0,7.0,29.0,1.0,0.0,1.0,1.0,0.0,1.0,0.0,0.0,0.0,0.0,0.0,0.0,0.0,0.0,0.0,0.0,0.0,0.0,17,3,14,17.8,19,4,15,4,2,2,20,37,0,11,0,0,12055,9.9
60,20231001,인천,남동구,동부,중학교,,해당없음,일반중학교,만수여자중학교,본교,공립,주간,여자,기존(원)교,특별/광역시,해당없음,19870301,215-25 ,인천광역시 남동구 만수로50번길 22-36 (만수동. 만수여자중학교),032-464-2262,032-468-7374,http://msgirls.icems.kr/,25,8,8,9,0,0,0,539,0,539,167,0,167,174,0,174,198,0,198,0,0,0,0,0,0,0,0,0,21.6,44,6,38,39,6,33,1.0,0.0,1.0,1.0,1.0,0.0,1.0,0.0,1.0,11.0,3.0,8.0,23.0,2.0,21.0,1.0,0.0,1.0,0.0,0.0,0.0,0.0,0.0,0.0,0.0,0.0,0.0,1.0,0.0,1.0,0.0,0.0,0.0,5,0,5,12.3,16,1,15,3,1,2,17,24,3,10,0,1,12270,22.7
61,20231001,인천,남동구,동부,중학교,,해당없음,일반중학교,만월중학교,본교,공립,주간,남여공학,기존(원)교,특별/광역시,해당없음,19920301,216-10 ,인천광역시 남동구 서창남순환로 22 (서창동. 만월중학교),032-457-4608,032-457-4601,http://www.manwol.icems.kr,32,11,10,11,0,0,0,986,497,489,361,178,183,304,156,148,321,163,158,0,0,0,0,0,0,0,0,0,30.8,67,11,56,50,7,43,1.0,0.0,1.0,1.0,1.0,0.0,0.0,0.0,0.0,11.0,2.0,9.0,33.0,4.0,29.0,1.0,0.0,1.0,1.0,0.0,1.0,0.0,0.0,0.0,0.0,0.0,0.0,1.0,0.0,1.0,1.0,0.0,1.0,17,4,13,14.7,18,2,16,4,1,3,17,31,2,6,0,6,12313,12.4
62,20231001,인천,남동구,동부,중학교,,해당없음,일반중학교,상인천중학교,본교,공립,주간,남자,기존(원)교,특별/광역시,해당없음,19600406,215-46 ,인천광역시 남동구 백범로297번길 21 (간석동. 상인천중학교),032-422-0952,032-422-0941,http://sic.icems.kr,20,7,6,7,0,0,0,527,527,0,205,205,0,146,146,0,176,176,0,0,0,0,0,0,0,0,0,0,26.4,38,14,24,29,8,21,1.0,1.0,0.0,1.0,1.0,0.0,0.0,0.0,0.0,9.0,3.0,6.0,14.0,3.0,11.0,1.0,0.0,1.0,1.0,0.0,1.0,0.0,0.0,0.0,0.0,0.0,0.0,1.0,0.0,1.0,1.0,0.0,1.0,9,6,3,13.9,15,4,11,5,3,2,12,25,5,5,0,2,22058,41.5
63,20231001,인천,남동구,동부,중학교,,해당없음,일반중학교,상인천여자중학교,본교,공립,주간,여자,기존(원)교,특별/광역시,해당없음,19610406,215-53 ,인천광역시 남동구 문화로169번길 30 (간석동1동) 상인천여자중학교,032-629-7589,032-437-9714,http://sicg.icems.kr,20,6,7,7,0,0,0,503,0,503,162,0,162,158,0,158,183,0,183,0,0,0,0,0,0,0,0,0,25.2,43,7,36,34,3,31,1.0,0.0,1.0,2.0,0.0,2.0,0.0,0.0,0.0,12.0,1.0,11.0,17.0,2.0,15.0,0.0,0.0,0.0,1.0,0.0,1.0,0.0,0.0,0.0,0.0,0.0,0.0,1.0,0.0,1.0,0.0,0.0,0.0,9,4,5,11.7,17,3,14,3,1,2,17,21,0,6,1,1,10340,20.4
64,20231001,인천,연수구,동부,중학교,,해당없음,일반중학교,선학중학교,본교,공립,주간,남여공학,기존(원)교,특별/광역시,해당없음,19930301,219-38 ,인천광역시 연수구 선학로 19 .선학동344 (선학동. 선학중학교),032-814-2907,032-811-2909,http://shm.icems.kr/main.do,19,7,5,7,0,0,0,357,188,169,126,63,63,110,56,54,121,69,52,0,0,0,0,0,0,0,0,0,18.8,36,7,29,26,6,20,1.0,1.0,0.0,1.0,0.0,1.0,0.0,0.0,0.0,11.0,3.0,8.0,9.0,1.0,8.0,2.0,1.0,1.0,1.0,0.0,1.0,0.0,0.0,0.0,0.0,0.0,0.0,1.0,0.0,1.0,0.0,0.0,0.0,10,1,9,9.9,16,4,12,4,2,2,15,20,3,6,2,0,10191,29.5
65,20231001,인천,연수구,동부,중학교,,해당없음,일반중학교,연수중학교,본교,공립,주간,남여공학,기존(원)교,특별/광역시,해당없음,19940301,219-33 ,인천광역시 연수구 원인재로 231 (연수동. 연수중학교),032-629-8007,032-819-8106,http://yeonsu.icems.kr,22,8,6,8,0,0,0,429,226,203,120,67,53,151,84,67,158,75,83,0,0,0,0,0,0,0,0,0,19.5,38,9,29,27,6,21,1.0,1.0,0.0,1.0,1.0,0.0,0.0,0.0,0.0,11.0,2.0,9.0,10.0,2.0,8.0,2.0,0.0,2.0,0.0,0.0,0.0,1.0,0.0,1.0,0.0,0.0,0.0,1.0,0.0,1.0,0.0,0.0,0.0,11,3,8,11.3,13,0,13,3,0,3,13,18,6,7,0,1,11291,26.3
66,20231001,인천,연수구,동부,중학교,,해당없음,일반중학교,연화중학교,본교,공립,주간,남여공학,기존(원)교,특별/광역시,해당없음,20000301,219-30 ,인천광역시 연수구 용담로 156 (연수동. 연화중학교),032-822-5581,032-822-5585,http://yhm.icems.kr,24,8,7,9,0,0,0,693,349,344,247,130,117,220,105,115,226,114,112,0,0,0,0,0,0,0,0,0,28.9,43,7,36,36,4,32,1.0,0.0,1.0,1.0,0.0,1.0,0.0,0.0,0.0,12.0,4.0,8.0,19.0,0.0,19.0,1.0,0.0,1.0,1.0,0.0,1.0,0.0,0.0,0.0,0.0,0.0,0.0,1.0,0.0,1.0,0.0,0.0,0.0,7,3,4,16.1,17,1,16,3,0,3,17,23,5,5,0,1,11300,16.2
67,20231001,인천,연수구,동부,중학교,,해당없음,일반중학교,옥련중학교,본교,공립,주간,남여공학,기존(원)교,특별/광역시,해당없음,19990305,219-54 ,인천광역시 연수구 청량로 222 (옥련동. 옥련중학교),032-834-1581,032-834-1548,http://okryun.icems.kr,18,6,6,6,0,0,0,462,252,210,135,68,67,159,95,64,168,89,79,0,0,0,0,0,0,0,0,0,25.7,34,13,21,25,10,15,1.0,1.0,0.0,1.0,1.0,0.0,1.0,0.0,1.0,12.0,6.0,6.0,9.0,2.0,7.0,0.0,0.0,0.0,0.0,0.0,0.0,0.0,0.0,0.0,0.0,0.0,0.0,1.0,0.0,1.0,0.0,0.0,0.0,9,3,6,13.6,16,2,14,3,1,2,16,18,8,7,0,3,17177,37.6
68,20231001,인천,연수구,동부,중학교,,해당없음,일반중학교,인송중학교,본교,공립,주간,남여공학,기존(원)교,특별/광역시,해당없음,19810305,219-56 ,인천광역시 연수구 능허대로 79번길 55 (옥련동.인송중학교),032-832-8511,032-623-9769,http://insong.icems.kr,22,7,7,8,0,0,0,580,294,286,190,101,89,197,97,100,193,96,97,0,0,0,0,0,0,0,0,0,26.4,42,11,31,33,8,25,1.0,1.0,0.0,1.0,0.0,1.0,0.0,0.0,0.0,12.0,2.0,10.0,16.0,5.0,11.0,1.0,0.0,1.0,0.0,0.0,0.0,1.0,0.0,1.0,0.0,0.0,0.0,1.0,0.0,1.0,0.0,0.0,0.0,9,3,6,13.8,16,2,14,4,1,3,15,22,0,13,0,0,16418,28.3
69,20231001,인천,연수구,동부,중학교,,해당없음,일반중학교,인천여자중학교,본교,공립,주간,여자,기존(원)교,특별/광역시,해당없음,19460901,219-73 ,인천광역시 연수구 원인재로 47 . 인천여자중학교 (동춘동),032-629-8323,032-821-6342,http://icg.icems.kr,19,6,6,7,0,0,0,422,0,422,154,0,154,120,0,120,148,0,148,0,0,0,0,0,0,0,0,0,22.2,35,5,30,25,4,21,1.0,0.0,1.0,1.0,1.0,0.0,0.0,0.0,0.0,10.0,2.0,8.0,10.0,1.0,9.0,1.0,0.0,1.0,1.0,0.0,1.0,0.0,0.0,0.0,0.0,0.0,0.0,1.0,0.0,1.0,0.0,0.0,0.0,10,1,9,12.1,14,4,10,4,2,2,15,21,1,11,0,1,11313,26.7
70,20231001,인천,연수구,동부,중학교,,해당없음,일반중학교,인천중학교,본교,공립,주간,남자,기존(원)교,특별/광역시,해당없음,19451127,219-36 ,인천광역시 연수구 함박뫼로 203 (연수동.인천중학교),032-811-3621,032-812-4892,http://incheonms.icems.kr,15,5,4,6,0,0,0,283,283,0,87,87,0,93,93,0,103,103,0,0,0,0,0,0,0,0,0,0,18.9,30,7,23,23,5,18,1.0,0.0,1.0,1.0,1.0,0.0,0.0,0.0,0.0,10.0,3.0,7.0,9.0,1.0,8.0,0.0,0.0,0.0,1.0,0.0,1.0,0.0,0.0,0.0,0.0,0.0,0.0,1.0,0.0,1.0,0.0,0.0,0.0,7,2,5,9.4,13,2,11,3,1,2,13,19,9,5,1,0,11526,40.9
71,20231001,인천,연수구,동부,중학교,,해당없음,일반중학교,청량중학교,본교,공립,주간,남여공학,기존(원)교,특별/광역시,해당없음,19960301,219-68 ,인천광역시 연수구 먼우금로 138.청량중학교 (동춘동.청량중학교),032-819-8149,032-819-8287,http://cheongryang.icems.kr,30,10,9,11,0,0,0,882,476,406,313,169,144,284,143,141,285,164,121,0,0,0,0,0,0,0,0,0,29.4,55,12,43,49,10,39,1.0,1.0,0.0,1.0,1.0,0.0,0.0,0.0,0.0,12.0,3.0,9.0,31.0,5.0,26.0,1.0,0.0,1.0,1.0,0.0,1.0,0.0,0.0,0.0,0.0,0.0,0.0,1.0,0.0,1.0,1.0,0.0,1.0,6,2,4,16.0,17,2,15,4,1,3,16,24,4,5,4,1,11327,12.9
72,20231001,인천,연수구,동부,중학교,,해당없음,일반중학교,청학중학교,본교,공립,주간,남여공학,기존(원)교,특별/광역시,해당없음,19950302,219-15 ,인천광역시 연수구 함박뫼로 5 (청학동.청학중학교),032-817-4038,032-817-9382,http://cheonghak.icems.kr,14,4,5,5,0,0,0,282,171,111,117,66,51,75,48,27,90,57,33,0,0,0,0,0,0,0,0,0,20.1,26,11,15,17,7,10,1.0,1.0,0.0,1.0,1.0,0.0,0.0,0.0,0.0,9.0,3.0,6.0,5.0,2.0,3.0,1.0,0.0,1.0,0.0,0.0,0.0,0.0,0.0,0.0,0.0,0.0,0.0,0.0,0.0,0.0,0.0,0.0,0.0,9,4,5,10.8,14,2,12,4,1,3,13,13,10,5,0,0,11391,39.8
73,20231001,인천,남동구,동부,중학교,,해당없음,일반중학교,인천고잔중학교,본교,공립,주간,남여공학,기존(원)교,특별/광역시,해당없음,20100301,216-76 ,인천광역시 남동구 논고개로 20 . 인천고잔중학교 (논현동),032-438-1380,032-438-1379,http://ikj.icems.kr,26,8,9,9,0,0,0,794,405,389,255,138,117,281,137,144,258,130,128,0,0,0,0,0,0,0,0,0,30.5,50,9,41,34,6,28,1.0,0.0,1.0,1.0,1.0,0.0,0.0,0.0,0.0,12.0,3.0,9.0,19.0,1.0,18.0,1.0,1.0,0.0,0.0,0.0,0.0,0.0,0.0,0.0,0.0,0.0,0.0,0.0,0.0,0.0,0.0,0.0,0.0,16,3,13,15.9,16,3,13,3,0,3,17,26,0,6,0,0,11201,14.0
74,20231001,인천,연수구,동부,중학교,,해당없음,일반중학교,함박중학교,본교,공립,주간,남여공학,기존(원)교,특별/광역시,해당없음,20030301,219-40 ,인천광역시 연수구 솔샘로 143 (청학동 109-1),032-831-1461,032-629-8599,http://hambak.icems.kr,13,4,4,5,0,0,0,215,126,89,58,33,25,64,38,26,93,55,38,0,0,0,0,0,0,0,0,0,16.5,25,7,18,19,6,13,1.0,1.0,0.0,1.0,1.0,0.0,0.0,0.0,0.0,8.0,2.0,6.0,6.0,2.0,4.0,1.0,0.0,1.0,1.0,0.0,1.0,0.0,0.0,0.0,0.0,0.0,0.0,1.0,0.0,1.0,0.0,0.0,0.0,6,1,5,8.6,13,1,12,3,0,3,13,13,12,6,0,1,14084,66.1
75,20231001,인천,남동구,동부,중학교,,해당없음,일반중학교,석정중학교,본교,공립,주간,남여공학,기존(원)교,특별/광역시,해당없음,20050301,215-03 ,인천광역시 남동구 방축로469번길 1 (간석동.석정중학교),032-425-0780,032-425-0781,http://seokjeong.icems.kr,20,7,6,7,0,0,0,533,287,246,194,113,81,177,93,84,162,81,81,0,0,0,0,0,0,0,0,0,26.7,38,8,30,27,5,22,1.0,0.0,1.0,1.0,1.0,0.0,0.0,0.0,0.0,10.0,2.0,8.0,13.0,1.0,12.0,1.0,1.0,0.0,1.0,0.0,1.0,0.0,0.0,0.0,0.0,0.0,0.0,0.0,0.0,0.0,0.0,0.0,0.0,11,3,8,14.0,16,1,15,4,0,4,15,20,0,6,0,0,9834,18.4
76,20231001,인천,연수구,동부,중학교,,해당없음,일반중학교,능허대중학교,본교,공립,주간,남여공학,기존(원)교,특별/광역시,해당없음,20050302,219-86 ,인천광역시 연수구 송도교육로 31 (송도동. 능허대중학교),032-550-7800,032-550-7820,http://nhd.icems.kr,30,10,9,11,0,0,0,999,506,493,347,176,171,308,161,147,344,169,175,0,0,0,0,0,0,0,0,0,33.3,60,12,48,47,8,39,1.0,1.0,0.0,1.0,1.0,0.0,0.0,0.0,0.0,11.0,3.0,8.0,31.0,3.0,28.0,1.0,0.0,1.0,0.0,0.0,0.0,0.0,0.0,0.0,0.0,0.0,0.0,1.0,0.0,1.0,1.0,0.0,1.0,13,4,9,16.7,16,2,14,4,1,3,18,31,0,5,0,0,13064,13.1
77,20231001,인천,연수구,동부,중학교,,해당없음,일반중학교,신송중학교,본교,공립,주간,남여공학,기존(원)교,특별/광역시,해당없음,20050302,219-96 ,인천광역시 연수구 해돋이로56번길 12 (송도동. 신송중학교),032-851-0562,032-851-0564,http://www.shinsong.icems.kr/,36,13,11,12,0,0,0,1224,637,587,419,226,193,388,195,193,417,216,201,0,0,0,0,0,0,0,0,0,34.0,66,14,52,54,11,43,1.0,1.0,0.0,1.0,1.0,0.0,0.0,0.0,0.0,11.0,4.0,7.0,38.0,5.0,33.0,1.0,0.0,1.0,0.0,0.0,0.0,0.0,0.0,0.0,0.0,0.0,0.0,1.0,0.0,1.0,1.0,0.0,1.0,12,3,9,18.5,20,2,18,4,1,3,19,37,0,9,0,0,13000,10.7
78,20231001,인천,연수구,동부,중학교,,해당없음,일반중학교,박문중학교,본교,사립,주간,남여공학,기존(원)교,특별/광역시,해당없음,19400518,219-82 ,인천광역시 연수구 송도과학로51번길 102 (송도동),032-890-1902,032-890-1990,http://bakmun.icems.kr,25,9,8,8,0,0,0,747,406,341,220,129,91,277,140,137,250,137,113,0,0,0,0,0,0,0,0,0,29.9,43,17,26,27,14,13,1.0,0.0,1.0,1.0,1.0,0.0,0.0,0.0,0.0,10.0,4.0,6.0,13.0,9.0,4.0,1.0,0.0,1.0,0.0,0.0,0.0,0.0,0.0,0.0,0.0,0.0,0.0,1.0,0.0,1.0,0.0,0.0,0.0,16,3,13,17.4,11,2,9,4,2,2,12,24,0,8,1,2,15925,21.4
79,20231001,인천,남동구,동부,중학교,,해당없음,일반중학교,인천논현중학교,본교,공립,주간,남여공학,기존(원)교,특별/광역시,해당없음,20060301,216-62 ,인천광역시 남동구 포구로 118 (논현동.논현중학교),032-446-7910,032-446-7912,http://inh.icems.kr,35,11,12,12,0,0,0,993,510,483,347,186,161,332,167,165,314,157,157,0,0,0,0,0,0,0,0,0,28.4,61,16,45,48,14,34,1.0,1.0,0.0,1.0,1.0,0.0,0.0,0.0,0.0,12.0,6.0,6.0,32.0,6.0,26.0,1.0,0.0,1.0,1.0,0.0,1.0,0.0,0.0,0.0,0.0,0.0,0.0,0.0,0.0,0.0,0.0,0.0,0.0,13,2,11,16.3,17,1,16,4,0,4,19,35,0,6,0,1,11036,11.0
80,20231001,인천,남동구,동부,중학교,,해당없음,일반중학교,인천성리중학교,본교,공립,주간,남여공학,기존(원)교,특별/광역시,해당없음,20060301,215-81 ,인천광역시 남동구 성리로 26 (구월동. 성리중학교),032-469-3924,032-469-3931,http://sungri.icems.kr,28,9,9,10,0,0,0,775,370,405,278,138,140,246,119,127,251,113,138,0,0,0,0,0,0,0,0,0,27.7,50,10,40,39,9,30,1.0,1.0,0.0,1.0,1.0,0.0,0.0,0.0,0.0,12.0,1.0,11.0,21.0,4.0,17.0,3.0,2.0,1.0,0.0,0.0,0.0,0.0,0.0,0.0,0.0,0.0,0.0,0.0,0.0,0.0,1.0,0.0,1.0,11,1,10,15.5,20,3,17,4,2,2,19,26,3,8,0,0,11948,15.4
81,20231001,인천,남동구,동부,중학교,,해당없음,일반중학교,인천동방중학교,본교,공립,주간,남여공학,기존(원)교,특별/광역시,해당없음,20080301,216-51 ,인천광역시 남동구 논현역로 41 (논현동. 동방중학교),032-429-2922,032-429-2923,http://idb.icems.kr/,34,12,11,11,0,0,0,984,501,483,342,181,161,329,165,164,313,155,158,0,0,0,0,0,0,0,0,0,28.9,62,10,52,53,8,45,1.0,1.0,0.0,1.0,1.0,0.0,0.0,0.0,0.0,12.0,4.0,8.0,36.0,1.0,35.0,1.0,1.0,0.0,1.0,0.0,1.0,0.0,0.0,0.0,0.0,0.0,0.0,1.0,0.0,1.0,0.0,0.0,0.0,9,2,7,15.9,17,0,17,3,0,3,17,34,0,7,0,1,11298,11.4
82,20231001,인천,남동구,동부,중학교,,해당없음,일반중학교,인천정각중학교,본교,공립,주간,남여공학,기존(원)교,특별/광역시,해당없음,20080301,215-62 ,인천광역시 남동구 구월로 240 (구월동. 정각중학교),032-770-1700,032-770-1710,http://jeonggak.icems.kr,25,8,8,9,0,0,0,791,334,457,257,98,159,258,118,140,276,118,158,0,0,0,0,0,0,0,0,0,31.6,49,9,40,36,5,31,1.0,1.0,0.0,1.0,0.0,1.0,0.0,0.0,0.0,12.0,2.0,10.0,19.0,2.0,17.0,1.0,0.0,1.0,1.0,0.0,1.0,0.0,0.0,0.0,0.0,0.0,0.0,1.0,0.0,1.0,0.0,0.0,0.0,13,4,9,16.1,13,0,13,3,0,3,13,25,0,7,0,4,11221,14.2
83,20231001,인천,남동구,동부,중학교,,해당없음,일반중학교,인천서창중학교,본교,공립,주간,남여공학,기존(원)교,특별/광역시,해당없음,20090302,216-04 ,인천광역시 남동구 독곡로60번길 16 (서창동. 인천서창중학교),032-473-0338,032-473-0341,http://isc.icems.kr,25,8,8,9,0,0,0,778,397,381,268,138,130,249,126,123,261,133,128,0,0,0,0,0,0,0,0,0,31.1,47,8,39,38,6,32,1.0,1.0,0.0,1.0,1.0,0.0,0.0,0.0,0.0,12.0,1.0,11.0,23.0,3.0,20.0,1.0,0.0,1.0,0.0,0.0,0.0,0.0,0.0,0.0,0.0,0.0,0.0,0.0,0.0,0.0,0.0,0.0,0.0,9,2,7,16.6,16,0,16,3,0,3,17,25,0,7,0,0,10756,13.7
84,20231001,인천,연수구,동부,중학교,,해당없음,일반중학교,인천해송중학교,본교,공립,주간,남여공학,기존(원)교,특별/광역시,해당없음,20090301,220-00 ,인천광역시 연수구 해송로 148 (송도동),032-851-6831,032-851-6838,http://haesong.icems.kr,24,9,7,8,0,0,0,844,400,444,315,146,169,247,118,129,282,136,146,0,0,0,0,0,0,0,0,0,35.2,47,9,38,35,7,28,1.0,1.0,0.0,1.0,1.0,0.0,0.0,0.0,0.0,11.0,3.0,8.0,21.0,2.0,19.0,0.0,0.0,0.0,1.0,0.0,1.0,0.0,0.0,0.0,0.0,0.0,0.0,0.0,0.0,0.0,0.0,0.0,0.0,12,2,10,18.0,14,0,14,3,0,3,14,24,0,7,0,0,13000,15.3
85,20231001,인천,남동구,동부,중학교,,해당없음,일반중학교,숭덕여자중학교,본교,사립,주간,여자,기존(원)교,특별/광역시,해당없음,19660530,215-21 ,인천광역시 남동구 만수로73번길 20-23 (만수동. 숭덕여자중고등학교),032-462-5197,032-463-3825,http://soongduk.icems.kr,12,4,4,4,0,0,0,361,0,361,117,0,117,121,0,121,123,0,123,0,0,0,0,0,0,0,0,0,30.1,24,10,14,20,9,11,1.0,0.0,1.0,1.0,1.0,0.0,0.0,0.0,0.0,10.0,4.0,6.0,7.0,4.0,3.0,0.0,0.0,0.0,0.0,0.0,0.0,0.0,0.0,0.0,0.0,0.0,0.0,1.0,0.0,1.0,0.0,0.0,0.0,4,1,3,15.0,5,3,2,4,3,1,5,12,0,3,0,0,0,0.0
86,20231001,인천,연수구,동부,중학교,,해당없음,일반중학교,인천현송중학교,본교,공립,주간,남여공학,기존(원)교,특별/광역시,해당없음,20220301,220-26 ,인천광역시 연수구 아카데미로312번길 84 (송도동. 인천현송중학교),032-610-6100,032-858-7523,http://hyeonsong.icems.kr,23,12,9,2,0,0,0,480,246,234,223,103,120,224,127,97,33,16,17,0,0,0,0,0,0,0,0,0,20.9,43,7,36,36,5,31,1.0,1.0,0.0,1.0,1.0,0.0,0.0,0.0,0.0,12.0,2.0,10.0,19.0,1.0,18.0,0.0,0.0,0.0,1.0,0.0,1.0,0.0,0.0,0.0,0.0,0.0,0.0,1.0,0.0,1.0,1.0,0.0,1.0,7,2,5,11.2,13,4,9,4,2,2,13,37,0,9,0,0,12673,27.3
87,20231001,인천,계양구,서부,중학교,,해당없음,일반중학교,인천예일중학교,본교,공립,주간,남여공학,기존(원)교,특별/광역시,해당없음,20040301,210-21 ,인천광역시 계양구 장제로995번길 39 (방축동. 인천예일중학교),032-556-4102,032-556-4105,http://yeil.icems.kr,13,5,4,4,0,0,0,213,91,122,89,35,54,54,25,29,70,31,39,0,0,0,0,0,0,0,0,0,16.4,28,6,22,22,4,18,1.0,0.0,1.0,1.0,0.0,1.0,1.0,0.0,1.0,8.0,2.0,6.0,9.0,1.0,8.0,1.0,1.0,0.0,1.0,0.0,1.0,0.0,0.0,0.0,0.0,0.0,0.0,0.0,0.0,0.0,0.0,0.0,0.0,6,2,4,7.6,10,1,9,2,0,2,10,12,11,5,0,1,12636,59.0
88,20231001,인천,서구,서부,중학교,,해당없음,일반중학교,인천청람중학교,본교,공립,주간,남여공학,기존(원)교,특별/광역시,해당없음,20150301,227-48 ,인천광역시 서구 청라커낼로 335 (청라동. 인천청람중학교),032-568-8171,032-628-9727,http://icr.icems.kr,31,12,10,9,0,0,0,1008,495,513,374,178,196,326,163,163,308,154,154,0,0,0,0,0,0,0,0,0,32.5,64,19,45,41,11,30,1.0,1.0,0.0,1.0,1.0,0.0,0.0,0.0,0.0,11.0,2.0,9.0,25.0,7.0,18.0,2.0,0.0,2.0,0.0,0.0,0.0,0.0,0.0,0.0,0.0,0.0,0.0,1.0,0.0,1.0,0.0,0.0,0.0,23,8,15,15.8,18,2,16,3,1,2,19,30,0,6,1,3,11000,10.9
89,20231001,인천,서구,서부,중학교,,해당없음,일반중학교,가정여자중학교,본교,공립,주간,여자,기존(원)교,특별/광역시,해당없음,19860301,228-22 ,인천광역시 서구 고래울로28번길 13 (가좌동),032-577-6781,032-577-2293,http://gajeong.icems.kr,12,4,4,4,0,0,0,194,0,194,46,0,46,54,0,54,94,0,94,0,0,0,0,0,0,0,0,0,16.2,24,6,18,19,3,16,1.0,0.0,1.0,1.0,0.0,1.0,0.0,0.0,0.0,7.0,0.0,7.0,9.0,3.0,6.0,0.0,0.0,0.0,0.0,0.0,0.0,0.0,0.0,0.0,0.0,0.0,0.0,1.0,0.0,1.0,0.0,0.0,0.0,5,3,2,8.1,11,2,9,2,0,2,12,13,0,8,1,2,14238,73.8
90,20231001,인천,서구,서부,중학교,,해당없음,일반중학교,가좌중학교,본교,공립,주간,남자,기존(원)교,특별/광역시,해당없음,19840301,228-16 ,인천광역시 서구 건지로334번길 31 (가좌동. 가좌중학교),032-571-7444,032-582-5467,http://kajwa.icems.kr,16,5,5,6,0,0,0,393,393,0,145,145,0,132,132,0,116,116,0,0,0,0,0,0,0,0,0,0,24.6,35,10,25,24,7,17,1.0,1.0,0.0,1.0,1.0,0.0,0.0,0.0,0.0,11.0,4.0,7.0,9.0,1.0,8.0,1.0,0.0,1.0,1.0,0.0,1.0,0.0,0.0,0.0,0.0,0.0,0.0,0.0,0.0,0.0,0.0,0.0,0.0,11,3,8,11.2,15,2,13,4,1,3,15,18,9,7,0,0,15800,39.9
91,20231001,인천,서구,서부,중학교,,해당없음,일반중학교,인천가좌여자중학교,본교,공립,주간,여자,기존(원)교,특별/광역시,해당없음,19821002,228-01 ,인천광역시 서구 서달로 110 (석남동. 가좌여자중학교),032-573-5976,032-582-1491,http://kjg.icems.kr,16,5,5,6,0,0,0,350,0,350,130,0,130,106,0,106,114,0,114,0,0,0,0,0,0,0,0,0,21.9,34,4,30,25,2,23,1.0,0.0,1.0,1.0,1.0,0.0,0.0,0.0,0.0,10.0,1.0,9.0,11.0,0.0,11.0,1.0,0.0,1.0,0.0,0.0,0.0,0.0,0.0,0.0,0.0,0.0,0.0,1.0,0.0,1.0,0.0,0.0,0.0,9,2,7,10.3,13,4,9,4,3,1,14,17,8,6,0,0,11896,33.9
92,20231001,인천,서구,서부,중학교,,해당없음,일반중학교,검단중학교,본교,공립,주간,남여공학,기존(원)교,특별/광역시,해당없음,19700302,226-17 ,인천광역시 서구 완정로188번길 12 (마전동. 검단중학교),032-627-7420,032-627-7421,http://geomdan.icems.kr,29,9,10,10,0,0,0,891,477,414,302,173,129,289,152,137,300,152,148,0,0,0,0,0,0,0,0,0,30.7,52,19,33,35,12,23,1.0,1.0,0.0,1.0,1.0,0.0,0.0,0.0,0.0,11.0,2.0,9.0,19.0,7.0,12.0,1.0,1.0,0.0,1.0,0.0,1.0,0.0,0.0,0.0,0.0,0.0,0.0,1.0,0.0,1.0,0.0,0.0,0.0,17,7,10,17.1,19,2,17,3,0,3,19,30,4,5,0,1,19662,21.9
93,20231001,인천,서구,서부,중학교,,해당없음,일반중학교,검암중학교,본교,공립,주간,남자,기존(원)교,특별/광역시,해당없음,20010301,227-04 ,인천광역시 서구 검암로29번길 12 (검암동. 검암중학교),032-567-1975,032-567-1976,http://geomam.icems.kr/main.do,16,6,5,5,0,0,0,334,334,0,95,95,0,129,129,0,110,110,0,0,0,0,0,0,0,0,0,0,20.9,30,7,23,24,7,17,1.0,1.0,0.0,1.0,1.0,0.0,0.0,0.0,0.0,9.0,1.0,8.0,12.0,4.0,8.0,0.0,0.0,0.0,0.0,0.0,0.0,0.0,0.0,0.0,0.0,0.0,0.0,1.0,0.0,1.0,0.0,0.0,0.0,6,0,6,11.1,13,1,12,3,0,3,13,17,3,5,1,1,10535,31.8
94,20231001,인천,계양구,서부,중학교,,해당없음,일반중학교,계산중학교,본교,공립,주간,남자,기존(원)교,특별/광역시,해당없음,19910309,210-71 ,인천광역시 계양구 도두리로 67-16 (계산동. 계산중학교),032-545-8563,032-543-1917,http://kyesan.icems.kr,20,6,6,8,0,0,0,491,491,0,141,141,0,166,166,0,184,184,0,0,0,0,0,0,0,0,0,0,24.6,38,12,26,29,8,21,1.0,1.0,0.0,1.0,0.0,1.0,0.0,0.0,0.0,8.0,3.0,5.0,16.0,4.0,12.0,1.0,0.0,1.0,1.0,0.0,1.0,0.0,0.0,0.0,0.0,0.0,0.0,1.0,0.0,1.0,0.0,0.0,0.0,9,4,5,12.9,15,3,12,4,2,2,15,21,6,14,0,0,12347,24.9
95,20231001,인천,계양구,서부,중학교,,해당없음,일반중학교,계산여자중학교,본교,공립,주간,여자,기존(원)교,특별/광역시,해당없음,19940301,210-83 ,인천광역시 계양구 장제로755번길 16 (계산동.계산여자중학교),032-549-6279,032-554-4620,http://gyesan-gr.icems.kr,17,6,5,6,0,0,0,477,0,477,170,0,170,130,0,130,177,0,177,0,0,0,0,0,0,0,0,0,28.1,33,4,29,26,4,22,1.0,1.0,0.0,1.0,0.0,1.0,0.0,0.0,0.0,12.0,3.0,9.0,11.0,0.0,11.0,0.0,0.0,0.0,0.0,0.0,0.0,0.0,0.0,0.0,0.0,0.0,0.0,1.0,0.0,1.0,0.0,0.0,0.0,7,0,7,14.5,17,2,15,3,0,3,17,17,8,8,0,2,12168,25.1
96,20231001,인천,계양구,서부,중학교,,해당없음,일반중학교,계양중학교,본교,공립,주간,남여공학,기존(원)교,특별/광역시,해당없음,19700306,210-15 ,인천광역시 계양구 장제로1181번길 9 .계양중학교 (귤현동),032-515-5009,032-515-0039,http://gyeyang.icems.kr,19,6,6,7,0,0,0,502,249,253,171,83,88,139,68,71,192,98,94,0,0,0,0,0,0,0,0,0,26.4,33,10,23,30,9,21,1.0,0.0,1.0,1.0,1.0,0.0,0.0,0.0,0.0,11.0,5.0,6.0,17.0,3.0,14.0,0.0,0.0,0.0,0.0,0.0,0.0,0.0,0.0,0.0,0.0,0.0,0.0,0.0,0.0,0.0,0.0,0.0,0.0,3,1,2,15.2,14,1,13,3,0,3,14,19,0,6,0,0,15049,29.7
97,20231001,인천,서구,서부,중학교,,해당없음,일반중학교,인천당하중학교,본교,공립,주간,남여공학,기존(원)교,특별/광역시,해당없음,20060301,226-74 ,인천광역시 서구 청마로 38 (당하동. 당하중학교),032-569-2137,032-569-2138,http://dangha.icems.kr,35,11,11,13,0,0,0,1065,578,487,343,197,146,331,187,144,391,194,197,0,0,0,0,0,0,0,0,0,30.4,64,15,49,48,9,39,1.0,1.0,0.0,1.0,1.0,0.0,0.0,0.0,0.0,11.0,3.0,8.0,32.0,3.0,29.0,1.0,1.0,0.0,1.0,0.0,1.0,0.0,0.0,0.0,0.0,0.0,0.0,1.0,0.0,1.0,0.0,0.0,0.0,16,6,10,16.6,18,3,15,4,2,2,18,35,0,8,0,0,13255,12.4
98,20231001,인천,서구,서부,중학교,,해당없음,일반중학교,동인천여자중학교,본교,공립,주간,여자,기존(원)교,특별/광역시,해당없음,19780310,228-11 ,인천광역시 서구 여우재로112번길 13 (가좌동. 동인천여자중학교),032-577-9430,032-578-2126,http://dicg.icems.kr/,14,5,4,5,0,0,0,330,0,330,126,0,126,98,0,98,106,0,106,0,0,0,0,0,0,0,0,0,23.6,27,9,18,22,6,16,1.0,0.0,1.0,1.0,1.0,0.0,0.0,0.0,0.0,8.0,1.0,7.0,10.0,4.0,6.0,1.0,0.0,1.0,0.0,0.0,0.0,0.0,0.0,0.0,0.0,0.0,0.0,1.0,0.0,1.0,0.0,0.0,0.0,5,3,2,12.2,13,4,9,4,3,1,13,14,5,8,0,0,22161,66.0
99,20231001,인천,계양구,서부,중학교,,해당없음,일반중학교,명현중학교,본교,공립,주간,남여공학,기존(원)교,특별/광역시,해당없음,20020301,210-96 ,인천광역시 계양구 안남로554번길 26 . 명현중학교 (효성동),032-554-6832,032-554-6835,http://mh.icems.kr,22,7,8,7,0,0,0,475,194,281,172,75,97,157,73,84,146,46,100,0,0,0,0,0,0,0,0,0,21.6,41,11,30,30,7,23,1.0,1.0,0.0,1.0,0.0,1.0,0.0,0.0,0.0,11.0,3.0,8.0,13.0,2.0,11.0,2.0,1.0,1.0,1.0,0.0,1.0,0.0,0.0,0.0,0.0,0.0,0.0,1.0,0.0,1.0,0.0,0.0,0.0,11,4,7,11.6,17,1,16,3,0,3,17,26,5,6,0,0,13099,27.7
100,20231001,인천,서구,서부,중학교,,해당없음,일반중학교,인천이음중학교,본교,공립,주간,남여공학,기존(원)교,특별/광역시,해당없음,20220301,228-61 ,인천광역시 서구 이음1로 455 . (우)22861 (원당동. 인천이음중학교),032-580-2800,032-580-2801,http://ieum.icems.kr,31,12,10,9,0,0,0,946,461,485,408,213,195,313,144,169,225,104,121,0,0,0,0,0,0,0,0,0,30.5,57,16,41,42,14,28,1.0,1.0,0.0,1.0,0.0,1.0,0.0,0.0,0.0,12.0,4.0,8.0,24.0,8.0,16.0,1.0,0.0,1.0,1.0,1.0,0.0,0.0,0.0,0.0,0.0,0.0,0.0,1.0,0.0,1.0,1.0,0.0,1.0,15,2,13,16.6,18,4,14,4,2,2,17,37,0,9,0,0,14000,15.0
101,20231001,인천,서구,서부,중학교,,해당없음,일반중학교,인천청라중학교,본교,공립,주간,남여공학,기존(원)교,특별/광역시,해당없음,20110301,227-35 ,인천광역시 서구 청라라임로 112 (청라동. 청라중학교),032-561-1973,032-561-1974,http://cheongna.icems.kr,33,11,11,11,0,0,0,1052,568,484,340,178,162,335,184,151,377,206,171,0,0,0,0,0,0,0,0,0,31.9,63,19,44,41,10,31,1.0,0.0,1.0,1.0,0.0,1.0,0.0,0.0,0.0,12.0,4.0,8.0,24.0,6.0,18.0,1.0,0.0,1.0,0.0,0.0,0.0,1.0,0.0,1.0,0.0,0.0,0.0,1.0,0.0,1.0,0.0,0.0,0.0,22,9,13,16.7,18,3,15,4,1,3,16,32,0,6,0,1,11999,11.3
102,20231001,인천,계양구,서부,중학교,,해당없음,일반중학교,북인천여자중학교,본교,공립,주간,여자,기존(원)교,특별/광역시,해당없음,19600410,211-04 ,인천광역시 계양구 아나지로85번길 12 (효성동),032-547-0288,032-552-5731,http://bichg.icems.kr,16,6,5,5,0,0,0,385,0,385,143,0,143,109,0,109,133,0,133,0,0,0,0,0,0,0,0,0,24.1,30,5,25,26,4,22,1.0,0.0,1.0,1.0,1.0,0.0,0.0,0.0,0.0,10.0,1.0,9.0,12.0,2.0,10.0,1.0,0.0,1.0,0.0,0.0,0.0,0.0,0.0,0.0,0.0,0.0,0.0,1.0,0.0,1.0,0.0,0.0,0.0,4,1,3,12.8,14,4,10,4,3,1,12,19,7,8,0,4,16510,42.7
103,20231001,인천,계양구,서부,중학교,,해당없음,일반중학교,북인천중학교,본교,공립,주간,남여공학,기존(원)교,특별/광역시,해당없음,19990301,210-43 ,인천광역시 계양구 계산로22번길 6 (계산동. 북인천중학교),032-554-5560,032-554-5564,http://bugin.icems.kr,13,4,4,5,0,0,0,216,139,77,78,48,30,64,43,21,74,48,26,0,0,0,0,0,0,0,0,0,16.6,27,6,21,21,4,17,1.0,0.0,1.0,1.0,0.0,1.0,0.0,0.0,0.0,8.0,2.0,6.0,9.0,2.0,7.0,1.0,0.0,1.0,1.0,0.0,1.0,0.0,0.0,0.0,0.0,0.0,0.0,0.0,0.0,0.0,0.0,0.0,0.0,6,2,4,8.0,14,3,11,3,2,1,13,16,6,5,0,6,14342,65.5
104,20231001,인천,서구,서부,중학교,,해당없음,일반중학교,불로중학교,본교,공립,주간,남여공학,기존(원)교,특별/광역시,해당없음,20020301,226-28 ,인천광역시 서구 고산후로 363 (불로동),032-566-9588,032-565-5836,http://bullo.icems.kr,28,9,11,8,0,0,0,708,365,343,245,126,119,251,137,114,212,102,110,0,0,0,0,0,0,0,0,0,25.3,50,15,35,40,11,29,1.0,0.0,1.0,1.0,1.0,0.0,0.0,0.0,0.0,12.0,2.0,10.0,24.0,7.0,17.0,1.0,1.0,0.0,0.0,0.0,0.0,0.0,0.0,0.0,0.0,0.0,0.0,1.0,0.0,1.0,0.0,0.0,0.0,10,4,6,14.2,13,1,12,3,1,2,13,32,4,5,0,0,12368,17.4
105,20231001,인천,서구,서부,중학교,,해당없음,일반중학교,백석중학교,본교,공립,주간,남여공학,기존(원)교,특별/광역시,해당없음,19990301,226-87 ,인천광역시 서구 서곶로 695 (백석동. 백석중학교),032-567-2432,032-567-2435,http://baksuk.icems.kr,20,8,7,5,0,0,0,328,128,200,152,60,92,89,37,52,87,31,56,0,0,0,0,0,0,0,0,0,16.4,37,5,32,29,4,25,1.0,1.0,0.0,1.0,0.0,1.0,1.0,0.0,1.0,11.0,2.0,9.0,13.0,1.0,12.0,1.0,0.0,1.0,0.0,0.0,0.0,0.0,0.0,0.0,0.0,0.0,0.0,1.0,0.0,1.0,0.0,0.0,0.0,8,1,7,8.9,15,3,12,4,1,3,14,20,6,6,0,0,11193,43.9
106,20231001,인천,서구,서부,중학교,,해당없음,일반중학교,서곶중학교,본교,공립,주간,남여공학,기존(원)교,특별/광역시,해당없음,19960301,227-18 ,인천광역시 서구 대평로56번길 22 (연희동.서곶중학교),032-562-0384,032-562-0385,http://www.seogot.icems.kr,24,7,8,9,0,0,0,564,310,254,181,107,74,187,86,101,196,117,79,0,0,0,0,0,0,0,0,0,23.5,46,8,38,33,4,29,1.0,0.0,1.0,1.0,1.0,0.0,0.0,0.0,0.0,10.0,1.0,9.0,19.0,2.0,17.0,1.0,0.0,1.0,1.0,0.0,1.0,0.0,0.0,0.0,0.0,0.0,0.0,0.0,0.0,0.0,0.0,0.0,0.0,13,4,9,12.3,16,2,14,3,1,2,17,28,0,7,0,0,11523,20.5
107,20231001,인천,계양구,서부,중학교,,해당없음,일반중학교,서운중학교,본교,공립,주간,남여공학,기존(원)교,특별/광역시,해당없음,20010301,210-74 ,인천광역시 계양구 아나지로 467 (서운동. 서운중학교),032-555-0562,032-555-0565,http://seowoon.icems.kr,26,9,8,9,0,0,0,727,385,342,257,129,128,229,127,102,241,129,112,0,0,0,0,0,0,0,0,0,28.0,48,9,39,43,8,35,1.0,1.0,0.0,1.0,1.0,0.0,0.0,0.0,0.0,12.0,5.0,7.0,26.0,1.0,25.0,1.0,0.0,1.0,0.0,0.0,0.0,1.0,0.0,1.0,0.0,0.0,0.0,1.0,0.0,1.0,0.0,0.0,0.0,5,1,4,15.1,22,5,17,5,3,2,22,25,6,7,0,2,12552,17.2
108,20231001,인천,서구,서부,중학교,,해당없음,일반중학교,신현중학교,본교,공립,주간,남자,기존(원)교,특별/광역시,해당없음,19900301,227-79 ,인천광역시 서구 원창로131번길 23 (신현동),032-575-0380,032-581-0822,http://www.shinhyun.icems.kr/main.do,15,5,5,5,0,0,0,263,263,0,52,52,0,107,107,0,104,104,0,0,0,0,0,0,0,0,0,0,17.5,28,8,20,25,8,17,1.0,1.0,0.0,1.0,0.0,1.0,0.0,0.0,0.0,9.0,5.0,4.0,11.0,2.0,9.0,1.0,0.0,1.0,0.0,0.0,0.0,1.0,0.0,1.0,0.0,0.0,0.0,1.0,0.0,1.0,0.0,0.0,0.0,3,0,3,9.4,14,2,12,4,1,3,15,17,9,8,0,0,11493,44.0
109,20231001,인천,서구,서부,중학교,,해당없음,일반중학교,신현여자중학교,본교,공립,주간,여자,기존(원)교,특별/광역시,해당없음,19930226,227-79 ,인천광역시 서구 새오개로111번길 15 (신현동. 신현여자중학교),032-577-3992,032-582-6497,http://shgs.icems.kr,15,5,5,5,0,0,0,325,0,325,97,0,97,104,0,104,124,0,124,0,0,0,0,0,0,0,0,0,21.7,30,4,26,26,3,23,1.0,1.0,0.0,1.0,0.0,1.0,0.0,0.0,0.0,10.0,2.0,8.0,11.0,0.0,11.0,1.0,0.0,1.0,1.0,0.0,1.0,0.0,0.0,0.0,0.0,0.0,0.0,1.0,0.0,1.0,0.0,0.0,0.0,4,1,3,10.8,14,2,12,3,1,2,15,16,11,6,0,0,14456,43.9
110,20231001,인천,계양구,서부,중학교,,해당없음,일반중학교,인천안남중학교,본교,공립,주간,남여공학,기존(원)교,특별/광역시,해당없음,19940301,210-58 ,인천광역시 계양구 계산새로33번길 5 (계산동. 안남중학교),032-549-4784,032-549-5334,http://an-nam.icems.kr/,16,4,7,5,0,0,0,280,179,101,87,60,27,88,60,28,105,59,46,0,0,0,0,0,0,0,0,0,17.5,31,7,24,26,5,21,1.0,1.0,0.0,1.0,0.0,1.0,0.0,0.0,0.0,8.0,2.0,6.0,12.0,2.0,10.0,2.0,0.0,2.0,0.0,0.0,0.0,1.0,0.0,1.0,0.0,0.0,0.0,1.0,0.0,1.0,0.0,0.0,0.0,5,2,3,9.0,13,2,11,3,1,2,13,16,7,5,0,2,11538,40.9
111,20231001,인천,서구,서부,중학교,,해당없음,일반중학교,인천초은중학교,본교,공립,주간,남여공학,기존(원)교,특별/광역시,해당없음,20120301,227-40 ,인천광역시 서구 청라라임로 10 (청라동.초은중학교),032-569-5791,032-569-5795,http://choeun.icems.kr/,31,10,10,11,0,0,0,923,445,478,295,139,156,291,140,151,337,166,171,0,0,0,0,0,0,0,0,0,29.8,61,17,44,40,11,29,1.0,0.0,1.0,1.0,1.0,0.0,0.0,0.0,0.0,10.0,2.0,8.0,25.0,8.0,17.0,1.0,0.0,1.0,0.0,0.0,0.0,0.0,0.0,0.0,0.0,0.0,0.0,1.0,0.0,1.0,1.0,0.0,1.0,21,6,15,15.1,17,4,13,4,2,2,16,31,0,7,0,1,12000,12.8
112,20231001,인천,계양구,서부,중학교,,해당없음,일반중학교,임학중학교,본교,공립,주간,남여공학,기존(원)교,특별/광역시,해당없음,19960301,210-35 ,인천광역시 계양구 장제로 894 임학중학교 (병방동),032-552-2122,032-552-2125,http://www.imhak.icems.kr,16,5,6,5,0,0,0,397,211,186,132,77,55,141,75,66,124,59,65,0,0,0,0,0,0,0,0,0,24.8,35,7,28,25,4,21,1.0,1.0,0.0,1.0,0.0,1.0,0.0,0.0,0.0,10.0,2.0,8.0,10.0,1.0,9.0,1.0,0.0,1.0,1.0,0.0,1.0,0.0,0.0,0.0,0.0,0.0,0.0,1.0,0.0,1.0,0.0,0.0,0.0,10,3,7,11.3,16,2,14,3,0,3,16,16,4,12,0,2,12387,31.0
113,20231001,인천,서구,서부,중학교,,해당없음,일반중학교,제물포중학교,본교,공립,주간,남자,기존(원)교,특별/광역시,해당없음,19810301,228-11 ,인천광역시 서구 여우재로112번길 7 . 제물포중학교 (가좌동. 제물포중학교),032-628-9814,032-571-3036,http://jemulpo.icems.kr,19,7,6,6,0,0,0,414,414,0,154,154,0,140,140,0,120,120,0,0,0,0,0,0,0,0,0,0,21.8,37,13,24,28,10,18,1.0,1.0,0.0,1.0,1.0,0.0,0.0,0.0,0.0,10.0,4.0,6.0,14.0,2.0,12.0,1.0,1.0,0.0,0.0,0.0,0.0,0.0,0.0,0.0,0.0,0.0,0.0,0.0,0.0,0.0,1.0,1.0,0.0,9,3,6,11.2,15,1,14,4,1,3,14,19,4,7,0,1,19302,46.5
114,20231001,인천,계양구,서부,중학교,,해당없음,일반중학교,인천효성중학교,본교,공립,주간,남자,기존(원)교,특별/광역시,해당없음,19820301,210-93 ,인천광역시 계양구 안남로 607 (효성동. 인천효성중학교),032-547-2527,032-547-3527,http://ihs.icems.kr/,18,5,5,8,0,0,0,463,463,0,137,137,0,133,133,0,193,193,0,0,0,0,0,0,0,0,0,0,25.7,34,11,23,28,7,21,1.0,1.0,0.0,1.0,0.0,1.0,0.0,0.0,0.0,11.0,4.0,7.0,14.0,2.0,12.0,0.0,0.0,0.0,0.0,0.0,0.0,0.0,0.0,0.0,0.0,0.0,0.0,1.0,0.0,1.0,0.0,0.0,0.0,6,4,2,13.6,15,3,12,3,1,2,14,23,6,7,6,1,14832,31.6
115,20231001,인천,계양구,서부,중학교,,해당없음,일반중학교,작전중학교,본교,공립,주간,남여공학,기존(원)교,특별/광역시,해당없음,20040301,210-85 ,인천광역시 계양구 주부토로 448번길 16. 작전중학교(작전동),032-556-1845,032-556-1848,http://jakjeon.icems.kr,19,6,6,7,0,0,0,365,198,167,86,50,36,152,76,76,127,72,55,0,0,0,0,0,0,0,0,0,19.2,37,9,28,28,6,22,1.0,0.0,1.0,1.0,1.0,0.0,0.0,0.0,0.0,10.0,2.0,8.0,13.0,3.0,10.0,1.0,0.0,1.0,1.0,0.0,1.0,0.0,0.0,0.0,0.0,0.0,0.0,1.0,0.0,1.0,0.0,0.0,0.0,9,3,6,9.9,16,3,13,3,0,3,16,19,12,10,0,0,11097,30.5
116,20231001,인천,서구,서부,중학교,,해당없음,일반중학교,간재울중학교,본교,공립,주간,남여공학,기존(원)교,특별/광역시,해당없음,20040301,226-96 ,인천광역시 서구 승학로512번길 34 (검암동. 간재울중학교),032-568-1628,032-568-1629,http://ganjaeul.icems.kr/main.do,34,11,11,12,0,0,0,1042,397,645,372,164,208,347,121,226,323,112,211,0,0,0,0,0,0,0,0,0,30.6,63,14,49,44,12,32,1.0,1.0,0.0,1.0,1.0,0.0,0.0,0.0,0.0,10.0,2.0,8.0,28.0,8.0,20.0,1.0,0.0,1.0,1.0,0.0,1.0,1.0,0.0,1.0,0.0,0.0,0.0,1.0,0.0,1.0,0.0,0.0,0.0,19,2,17,16.5,16,1,15,3,0,3,16,35,7,7,0,2,12307,11.8
117,20231001,인천,서구,서부,중학교,,해당없음,일반중학교,마전중학교,본교,공립,주간,남여공학,기존(원)교,특별/광역시,해당없음,20050301,226-38 ,인천광역시 서구 완정로 91 (마전동. 마전중학교),032-568-7092,032-568-7190,http://majeon.icems.kr,42,14,13,15,0,0,0,1379,663,716,470,224,246,430,204,226,479,235,244,0,0,0,0,0,0,0,0,0,32.8,81,20,61,56,14,42,1.0,1.0,0.0,1.0,0.0,1.0,0.0,0.0,0.0,12.0,3.0,9.0,39.0,9.0,30.0,1.0,1.0,0.0,1.0,0.0,1.0,0.0,0.0,0.0,0.0,0.0,0.0,1.0,0.0,1.0,0.0,0.0,0.0,25,6,19,17.0,23,2,21,3,0,3,23,42,0,15,0,1,13914,10.0
118,20231001,인천,서구,서부,중학교,,해당없음,일반중학교,원당중학교,본교,공립,주간,남여공학,기존(원)교,특별/광역시,해당없음,20050301,226-25 ,인천광역시 서구 고산로40번길 22 (원당동. 원당중학교),032-564-5422,032-564-5412,http://wd.icems.kr/,31,10,8,13,0,0,0,801,376,425,272,133,139,163,66,97,366,177,189,0,0,0,0,0,0,0,0,0,25.8,61,19,42,48,15,33,1.0,0.0,1.0,1.0,1.0,0.0,0.0,0.0,0.0,13.0,6.0,7.0,29.0,7.0,22.0,1.0,1.0,0.0,1.0,0.0,1.0,0.0,0.0,0.0,0.0,0.0,0.0,1.0,0.0,1.0,1.0,0.0,1.0,13,4,9,13.1,16,2,14,4,1,3,16,31,0,7,4,6,11420,14.3
119,20231001,인천,계양구,서부,중학교,,해당없음,일반중학교,인천동양중학교,본교,공립,주간,남여공학,기존(원)교,특별/광역시,해당없음,20070301,210-11 ,인천광역시 계양구 당미길 56 (동양동. 인천동양중학교),032-556-4650,032-556-3883,http://idy.icems.kr,20,6,6,8,0,0,0,502,266,236,166,96,70,154,75,79,182,95,87,0,0,0,0,0,0,0,0,0,25.1,39,12,27,26,8,18,1.0,0.0,1.0,1.0,0.0,1.0,0.0,0.0,0.0,10.0,3.0,7.0,12.0,5.0,7.0,1.0,0.0,1.0,0.0,0.0,0.0,0.0,0.0,0.0,0.0,0.0,0.0,0.0,0.0,0.0,1.0,0.0,1.0,13,4,9,12.9,17,3,14,3,1,2,16,20,4,6,0,1,10593,20.7
120,20231001,인천,계양구,서부,중학교,,해당없음,일반중학교,인천양촌중학교,본교,공립,주간,남여공학,기존(원)교,특별/광역시,해당없음,20070301,210-28 ,인천광역시 계양구 장제로948번길 13 (병방동),032-555-9540,032-555-9549,http://yangchon.icems.kr,13,4,4,5,0,0,0,184,88,96,61,34,27,56,20,36,67,34,33,0,0,0,0,0,0,0,0,0,14.2,24,9,15,19,7,12,1.0,1.0,0.0,1.0,0.0,1.0,0.0,0.0,0.0,9.0,3.0,6.0,7.0,3.0,4.0,1.0,0.0,1.0,0.0,0.0,0.0,0.0,0.0,0.0,0.0,0.0,0.0,0.0,0.0,0.0,0.0,0.0,0.0,5,2,3,7.7,11,1,10,2,0,2,11,13,8,5,0,5,10408,56.0
121,20231001,인천,서구,서부,중학교,,해당없음,일반중학교,인천가현중학교,본교,공립,주간,남여공학,기존(원)교,특별/광역시,해당없음,20080301,227-79 ,인천광역시 서구 염곡로 409 (신현동. 가현중학교),032-571-9934,032-571-9902,http://gahyeon.icems.kr,29,10,9,10,0,0,0,860,470,390,338,184,154,256,136,120,266,150,116,0,0,0,0,0,0,0,0,0,29.7,53,13,40,35,6,29,1.0,0.0,1.0,1.0,0.0,1.0,0.0,0.0,0.0,12.0,5.0,7.0,19.0,1.0,18.0,1.0,0.0,1.0,0.0,0.0,0.0,0.0,0.0,0.0,0.0,0.0,0.0,1.0,0.0,1.0,0.0,0.0,0.0,18,7,11,16.2,19,4,15,4,3,1,20,25,0,6,0,0,11807,13.6
122,20231001,인천,서구,서부,중학교,,해당없음,일반중학교,인천석남중학교,본교,공립,주간,남여공학,기존(원)교,특별/광역시,해당없음,20090301,228-05 ,인천광역시 서구 건지로 333 (석남동. 석남중학교),032-628-9415,032-584-1834,http://seoknam.icems.kr,19,6,5,8,0,0,0,329,215,114,82,60,22,104,59,45,143,96,47,0,0,0,0,0,0,0,0,0,17.3,36,13,23,27,10,17,1.0,1.0,0.0,1.0,0.0,1.0,0.0,0.0,0.0,7.0,4.0,3.0,15.0,4.0,11.0,2.0,0.0,2.0,1.0,1.0,0.0,0.0,0.0,0.0,0.0,0.0,0.0,0.0,0.0,0.0,0.0,0.0,0.0,9,3,6,9.1,14,3,11,4,2,2,13,22,3,6,0,1,12305,37.3
123,20231001,인천,계양구,서부,중학교,,해당없음,일반중학교,인천계수중학교,본교,공립,주간,남여공학,기존(원)교,특별/광역시,해당없음,20100301,210-72 ,인천광역시 계양구 살라리로2번길 25 (서운동.계수중학교),032-628-9521,032-628-9561,http://gyesoo.icems.kr,33,11,12,10,0,0,0,932,399,533,288,114,174,337,150,187,307,135,172,0,0,0,0,0,0,0,0,0,28.2,59,11,48,49,8,41,1.0,0.0,1.0,1.0,0.0,1.0,0.0,0.0,0.0,10.0,3.0,7.0,33.0,5.0,28.0,1.0,0.0,1.0,1.0,0.0,1.0,1.0,0.0,1.0,0.0,0.0,0.0,1.0,0.0,1.0,0.0,0.0,0.0,10,3,7,15.8,15,2,13,4,2,2,15,33,4,6,0,2,12612,13.5
124,20231001,인천,서구,서부,중학교,,해당없음,일반중학교,인천해원중학교,본교,공립,주간,남여공학,기존(원)교,특별/광역시,해당없음,20120301,227-65 ,인천광역시 서구 청라한내로 21 (청라동. 인천해원중학교),032-560-3600,032-560-3629,http://haewon.icems.kr,31,10,10,11,0,0,0,1006,509,497,338,165,173,322,173,149,346,171,175,0,0,0,0,0,0,0,0,0,32.5,58,15,43,43,10,33,1.0,0.0,1.0,1.0,0.0,1.0,0.0,0.0,0.0,11.0,2.0,9.0,27.0,6.0,21.0,1.0,1.0,0.0,0.0,0.0,0.0,0.0,0.0,0.0,0.0,0.0,0.0,1.0,0.0,1.0,1.0,1.0,0.0,15,5,10,17.3,19,1,18,3,0,3,19,31,4,10,0,0,11958,11.8
125,20231001,인천,서구,서부,중학교,,해당없음,일반중학교,인천루원중학교,본교,공립,주간,남여공학,기존(원)교,특별/광역시,해당없음,20230301,228-58 ,인천광역시 서구 염곡로 517 (가정동. 인천루원중학교),032-500-9500,032-500-9580,http://luwon.icems.kr,23,11,6,6,0,0,0,436,220,216,303,161,142,79,39,40,54,20,34,0,0,0,0,0,0,0,0,0,19.0,44,9,35,33,5,28,1.0,0.0,1.0,1.0,0.0,1.0,0.0,0.0,0.0,8.0,1.0,7.0,20.0,4.0,16.0,1.0,0.0,1.0,0.0,0.0,0.0,0.0,0.0,0.0,0.0,0.0,0.0,1.0,0.0,1.0,1.0,0.0,1.0,11,4,7,9.9,17,4,13,4,2,2,14,31,0,7,0,0,17006,43.8
126,20231001,인천,서구,서부,중학교,,해당없음,일반중학교,인천아라중학교,본교,공립,주간,남여공학,기존(원)교,특별/광역시,해당없음,20220301,228-74 ,인천광역시 서구 서로2로 50 (당하동. 인천아라중학교),032-457-1500,032-457-1571,http://ara.icems.kr/,31,13,12,6,0,0,0,847,436,411,319,168,151,364,197,167,164,71,93,0,0,0,0,0,0,0,0,0,27.3,56,15,41,41,12,29,1.0,0.0,1.0,1.0,1.0,0.0,0.0,0.0,0.0,11.0,2.0,9.0,24.0,9.0,15.0,1.0,0.0,1.0,1.0,0.0,1.0,0.0,0.0,0.0,0.0,0.0,0.0,1.0,0.0,1.0,1.0,0.0,1.0,15,3,12,15.1,18,5,13,4,3,1,17,37,0,9,0,0,14000,17.9
127,20231001,인천,강화군,강화,중학교,,해당없음,일반중학교,강남중학교,본교,공립,주간,남여공학,기존(원)교,면지역,해당없음,19540320,230-50 ,인천광역시 강화군 길상면 강화남로 62-2 (길상면. 강남중학교),032-937-4284,032-937-5326,http://gangnam.icems.kr/,7,2,2,3,0,0,0,130,71,59,48,27,21,42,26,16,40,18,22,0,0,0,0,0,0,0,0,0,18.6,25,6,19,19,4,15,1.0,0.0,1.0,1.0,0.0,1.0,0.0,0.0,0.0,4.0,2.0,2.0,10.0,1.0,9.0,1.0,1.0,0.0,1.0,0.0,1.0,1.0,0.0,1.0,0.0,0.0,0.0,0.0,0.0,0.0,0.0,0.0,0.0,6,2,4,5.2,9,1,8,2,0,2,9,7,0,4,0,0,25347,201.2
128,20231001,인천,강화군,강화,중학교,,해당없음,일반중학교,강서중학교,본교,공립,주간,남여공학,기존(원)교,도서벽지,해당없음,19550601,230-15 ,인천광역시 강화군 하점면 강화서로 909-19 (하점면. 강서중학교),032-627-5351,032-933-5298,http://kangseo.icems.kr/,4,1,2,1,0,0,0,25,13,12,7,6,1,6,3,3,12,4,8,0,0,0,0,0,0,0,0,0,6.3,13,5,8,12,5,7,1.0,1.0,0.0,0.0,0.0,0.0,0.0,0.0,0.0,3.0,0.0,3.0,7.0,3.0,4.0,1.0,1.0,0.0,0.0,0.0,0.0,0.0,0.0,0.0,0.0,0.0,0.0,0.0,0.0,0.0,0.0,0.0,0.0,1,0,1,1.9,4,1,3,1,0,1,5,4,0,4,0,0,20896,803.7
129,20231001,인천,강화군,강화,중학교,,해당없음,일반중학교,강화중학교,본교,공립,주간,남자,기존(원)교,도서벽지,해당없음,19450520,230-30 ,인천광역시 강화군 강화읍 동문로 53 . 강화중학교 (강화읍),032-933-9984,032-933-9987,http://ganghwa.icems.kr,20,6,6,8,0,0,0,482,482,0,157,157,0,177,177,0,148,148,0,0,0,0,0,0,0,0,0,0,24.1,39,22,17,34,18,16,1.0,1.0,0.0,1.0,1.0,0.0,0.0,0.0,0.0,12.0,5.0,7.0,15.0,9.0,6.0,2.0,1.0,1.0,1.0,1.0,0.0,0.0,0.0,0.0,0.0,0.0,0.0,1.0,0.0,1.0,1.0,0.0,1.0,5,4,1,12.4,18,4,14,5,2,3,18,18,0,8,0,3,18743,39.0
130,20231001,인천,강화군,강화,중학교,,해당없음,일반중학교,강화여자중학교,본교,공립,주간,여자,기존(원)교,도서벽지,해당없음,19550325,230-24 ,인천광역시 강화군 강화읍 갑룡길 11 (강화읍),032-932-8801,032-934-1202,http://ghg.icems.kr,20,6,6,8,0,0,0,499,0,499,165,0,165,160,0,160,174,0,174,0,0,0,0,0,0,0,0,0,25.0,39,13,26,36,13,23,1.0,1.0,0.0,1.0,0.0,1.0,0.0,0.0,0.0,13.0,6.0,7.0,16.0,6.0,10.0,1.0,0.0,1.0,1.0,0.0,1.0,1.0,0.0,1.0,0.0,0.0,0.0,1.0,0.0,1.0,1.0,0.0,1.0,3,0,3,12.8,15,4,11,4,3,1,14,19,0,6,0,0,11934,23.8
131,20231001,인천,강화군,강화,중학교,,해당없음,일반중학교,교동중학교,본교,공립,주간,남여공학,기존(원)교,도서벽지,해당없음,19720901,230-02 ,인천광역시 강화군 교동면 교동남로 77 (교동면),032-627-6392,032-932-6690,http://kyodong.icehs.kr,3,1,1,1,0,0,0,21,12,9,6,4,2,10,6,4,5,2,3,0,0,0,0,0,0,0,0,0,7.0,6,2,4,6,2,4,0.0,0.0,0.0,0.0,0.0,0.0,0.0,0.0,0.0,2.0,0.0,2.0,4.0,2.0,2.0,0.0,0.0,0.0,0.0,0.0,0.0,0.0,0.0,0.0,0.0,0.0,0.0,0.0,0.0,0.0,0.0,0.0,0.0,0,0,0,3.5,2,1,1,0,0,0,2,0,0,0,0,0,0,0.0
132,20231001,인천,강화군,강화,중학교,,해당없음,일반중학교,서도중학교,본교,공립,주간,남여공학,기존(원)교,도서벽지,초등+중학+고등,19670202,230-08 ,인천광역시 강화군 서도면 주문도길 173 (서도면. 서도초.중.고등학교),032-932-7005,032-932-7034,http://seodo.icehs.kr,1,0,1,0,0,0,0,2,1,1,0,0,0,2,1,1,0,0,0,0,0,0,0,0,0,0,0,0,2.0,2,2,0,2,2,0,0.0,0.0,0.0,0.0,0.0,0.0,0.0,0.0,0.0,1.0,1.0,0.0,1.0,1.0,0.0,0.0,0.0,0.0,0.0,0.0,0.0,0.0,0.0,0.0,0.0,0.0,0.0,0.0,0.0,0.0,0.0,0.0,0.0,0,0,0,1.0,0,0,0,0,0,0,0,0,0,0,0,0,0,0.0
133,20231001,인천,강화군,강화,중학교,,해당없음,일반중학교,심도중학교,본교,공립,주간,남여공학,기존(원)교,면지역,해당없음,19650920,230-60 ,인천광역시 강화군 화도면 마니산로 703-20 (화도면. 심도중학교),032-627-4010,032-937-5907,http://simdo.icems.kr,4,2,1,1,0,0,0,48,27,21,20,12,8,15,6,9,13,9,4,0,0,0,0,0,0,0,0,0,12.0,14,6,8,12,6,6,1.0,1.0,0.0,0.0,0.0,0.0,0.0,0.0,0.0,3.0,1.0,2.0,6.0,4.0,2.0,1.0,0.0,1.0,0.0,0.0,0.0,0.0,0.0,0.0,0.0,0.0,0.0,0.0,0.0,0.0,1.0,0.0,1.0,2,0,2,3.4,6,2,4,2,1,1,6,3,0,5,1,0,5417,112.9
134,20231001,인천,강화군,강화,중학교,,해당없음,일반중학교,동광중학교,본교,사립,주간,남여공학,기존(원)교,면지역,해당없음,19490519,230-57 ,인천광역시 강화군 양도면 강화남로 704 (양도면. 동광중학교),032-937-2009,032-627-4275,http://dongkwang.icems.kr,3,1,1,1,0,0,0,59,53,6,20,17,3,19,19,0,20,17,3,0,0,0,0,0,0,0,0,0,19.7,13,9,4,10,8,2,1.0,1.0,0.0,0.0,0.0,0.0,0.0,0.0,0.0,3.0,2.0,1.0,6.0,5.0,1.0,0.0,0.0,0.0,0.0,0.0,0.0,0.0,0.0,0.0,0.0,0.0,0.0,0.0,0.0,0.0,0.0,0.0,0.0,3,1,2,4.5,8,3,5,3,0,3,7,3,0,5,0,0,6777,111.1
135,20231001,인천,강화군,강화,중학교,,해당없음,일반중학교,승영중학교,본교,사립,주간,남여공학,기존(원)교,도서벽지,해당없음,19670301,230-05 ,인천광역시 강화군 삼산면 삼산북로473번길 47 . 삼산승영중학교 (삼산면. 삼산승영중학교),032-932-3102,032-932-4170,http://seungyoung.icems.kr/,3,1,1,1,0,0,0,75,40,35,27,12,15,26,15,11,22,13,9,0,0,0,0,0,0,0,0,0,25.0,12,5,7,8,4,4,1.0,0.0,1.0,0.0,0.0,0.0,0.0,0.0,0.0,4.0,2.0,2.0,3.0,2.0,1.0,0.0,0.0,0.0,0.0,0.0,0.0,0.0,0.0,0.0,0.0,0.0,0.0,0.0,0.0,0.0,0.0,0.0,0.0,4,1,3,6.3,5,1,4,3,1,2,5,3,2,4,0,0,12404,163.2
